1.000000000000000082e-05
1.011579454259898326e-05
1.023292992280753645e-05
1.035142166679343115e-05
1.047128548050898535e-05
1.059253725177289675e-05
1.071519305237607005e-05
1.083926914021203860e-05
1.096478196143185184e-05
1.109174815262400939e-05
1.122018454301963009e-05
1.135010815672314370e-05
1.148153621496881719e-05
1.161448613840343739e-05
1.174897554939530245e-05
1.188502227437018965e-05
1.202264434617413179e-05
1.216186000646367976e-05
1.230268770812381065e-05
1.244514611771384376e-05
1.258925411794166114e-05
1.273503081016662895e-05
1.288249551693134845e-05
1.303166778452300062e-05
1.318256738556407435e-05
1.333521432163324055e-05
1.348962882591653310e-05
1.364583136588923809e-05
1.380384264602883871e-05
1.396368361055936306e-05
1.412537544622755495e-05
1.428893958511103715e-05
1.445439770745928020e-05
1.462177174456718376e-05
1.479108388168207160e-05
1.496235656094432745e-05
1.513561248436207138e-05
1.531087461682028667e-05
1.548816618912482752e-05
1.566751070108150245e-05
1.584893192461114123e-05
1.603245390690041688e-05
1.621810097358929842e-05
1.640589773199538679e-05
1.659586907437559817e-05
1.678804018122558774e-05
1.698243652461745923e-05
1.717908387157589264e-05
1.737800828749376387e-05
1.757923613958693124e-05
1.778279410038922901e-05
1.798870915128787440e-05
1.819700858609982710e-05
1.840772001468954488e-05
1.862087136662865725e-05
1.883649089489802114e-05
1.905460717963248412e-05
1.927524913190936795e-05
1.949844599758045584e-05
1.972422736114853360e-05
1.995262314968878622e-05
2.018366363681559553e-05
2.041737944669527402e-05
2.065380155810531105e-05
2.089296130854040908e-05
2.113489039836647556e-05
2.137962089502232305e-05
2.162718523727020259e-05
2.187761623949551905e-05
2.213094709605636570e-05
2.238721138568337924e-05
2.264644307593062007e-05
2.290867652767774899e-05
2.317394649968479773e-05
2.344228815319922862e-05
2.371373705661655382e-05
2.398832919019490032e-05
2.426610095082414433e-05
2.454708915685028560e-05
2.483133105295567863e-05
2.511886431509582188e-05
2.540972705549306423e-05
2.570395782768864488e-05
2.600159563165272119e-05
2.630267991895381412e-05
2.660725059798808471e-05
2.691534803926913955e-05
2.722701308077910045e-05
2.754228703338169041e-05
2.786121168629772233e-05
2.818382931264454874e-05
2.851018267503909666e-05
2.884031503126605625e-05
2.917427014001166028e-05
2.951209226666384047e-05
2.985382618917957053e-05
3.019951720402019201e-05
3.054921113215515677e-05
3.090295432513592063e-05
3.126079367123955807e-05
3.162277660168379530e-05
3.198895109691397344e-05
3.235936569296280900e-05
3.273406948788379215e-05
3.311311214825907629e-05
3.349654391578279437e-05
3.388441561392027603e-05
3.427677865464504953e-05
3.467368504525316757e-05
3.507518739525679514e-05
3.548133892335753357e-05
3.589219346450049739e-05
3.630780547701017389e-05
3.672823004980849907e-05
3.715352290971727777e-05
3.758374042884443292e-05
3.801893963205612366e-05
3.845917820453535562e-05
3.890451449942804570e-05
3.935500754557772038e-05
3.981071705534969458e-05
4.027170343254595077e-05
4.073802778041130123e-05
4.120975190973304229e-05
4.168693834703355189e-05
4.216965034285822237e-05
4.265795188015925705e-05
4.315190768277650291e-05
4.365158322401656619e-05
4.415704473533120706e-05
4.466835921509634821e-05
4.518559443749225985e-05
4.570881896148751641e-05
4.623810213992603376e-05
4.677351412871980936e-05
4.731512589614802946e-05
4.786300923226380360e-05
4.841723675840999030e-05
4.897788193684466258e-05
4.954501908047905277e-05
5.011872336272725140e-05
5.069907082747044530e-05
5.128613839913648091e-05
5.188000389289609457e-05
5.248074602497723268e-05
5.308844442309878999e-05
5.370317963702532456e-05
5.432503314924335916e-05
5.495408738576248114e-05
5.559042572704037339e-05
5.623413251903490700e-05
5.688529308438412916e-05
5.754399373371566406e-05
5.821032177708709908e-05
5.888436553555884004e-05
5.956621435290109591e-05
6.025595860743580595e-05
6.095368972401693823e-05
6.165950018614822423e-05
6.237348354824191440e-05
6.309573444801929300e-05
6.382634861905482951e-05
6.456542290346562666e-05
6.531305526474728992e-05
6.606934480075964729e-05
6.683439175686149280e-05
6.760829753919818874e-05
6.839116472814292665e-05
6.918309709189362545e-05
6.998419960022730989e-05
7.079457843841373125e-05
7.161434102129027670e-05
7.244359600749906167e-05
7.328245331389044727e-05
7.413102413009176311e-05
7.498942093324558562e-05
7.585775750291835827e-05
7.673614893618186056e-05
7.762471166286911170e-05
7.852356346100710760e-05
7.943282347242822084e-05
8.035261221856176798e-05
8.128305161640994537e-05
8.222426499470711716e-05
8.317637711026709040e-05
8.413951416451947497e-05
8.511380382023759500e-05
8.609937521846016068e-05
8.709635899560813719e-05
8.810488730080147271e-05
8.912509381337458780e-05
9.015711376059570837e-05
9.120108393559096371e-05
9.225714271547628552e-05
9.332543007969904577e-05
9.440608762859226599e-05
9.549925860214368827e-05
9.660508789898140220e-05
9.772372209558110971e-05
9.885530946569390319e-05
1.000000000000000048e-04
1.005773063001738057e-04
1.011579454259898224e-04
1.017419366180604540e-04
1.023292992280753577e-04
1.029200527194428627e-04
1.035142166679344064e-04
1.041118107623339713e-04
1.047128548050899619e-04
1.053173687129715941e-04
1.059253725177288624e-04
1.065368863667562891e-04
1.071519305237605887e-04
1.077705253694322368e-04
1.083926914021203860e-04
1.090184492385127825e-04
1.096478196143185150e-04
1.102808233849551827e-04
1.109174815262400872e-04
1.115578151350851927e-04
1.122018454301963009e-04
1.128495937527762241e-04
1.135010815672315488e-04
1.141563304618845915e-04
1.148153621496882939e-04
1.154781984689458215e-04
1.161448613840342553e-04
1.168153729861324299e-04
1.174897554939529059e-04
1.181680312544783053e-04
1.188502227437018897e-04
1.195363525673718923e-04
1.202264434617413111e-04
1.209205182943208468e-04
1.216186000646367874e-04
1.223207119049931344e-04
1.230268770812381065e-04
1.237371189935351974e-04
1.244514611771385562e-04
1.251699273031725427e-04
1.258925411794167436e-04
1.266193267510944316e-04
1.273503081016661743e-04
1.280855094536278342e-04
1.288249551693133660e-04
1.295686697517018965e-04
1.303166778452300096e-04
1.310690042366077161e-04
1.318256738556407401e-04
1.325867117760559492e-04
1.333521432163323954e-04
1.341219935405370994e-04
1.348962882591653344e-04
1.356750530299861144e-04
1.364583136588923978e-04
1.372460961007562525e-04
1.380384264602885192e-04
1.388353309929045746e-04
1.396368361055937797e-04
1.404429683577947292e-04
1.412537544622754072e-04
1.420692212860181667e-04
1.428893958511102122e-04
1.437143053356391238e-04
1.445439770745927987e-04
1.453784385607662241e-04
1.462177174456718274e-04
1.470618415404560339e-04
1.479108388168207295e-04
1.487647374079501461e-04
1.496235656094432745e-04
1.504873518802514562e-04
1.513561248436208798e-04
1.522299132880420441e-04
1.531087461682030428e-04
1.539926526059491921e-04
1.548816618912481058e-04
1.557758034831601920e-04
1.566751070108148415e-04
1.575796022743923357e-04
1.584893192461114190e-04
1.594042880712218048e-04
1.603245390690041892e-04
1.612501027337741679e-04
1.621810097358929842e-04
1.631172909227838054e-04
1.640589773199538815e-04
1.650061001320226944e-04
1.659586907437561511e-04
1.669167807211058188e-04
1.678804018122560739e-04
1.688495859486753179e-04
1.698243652461744297e-04
1.708047720059707741e-04
1.717908387157587706e-04
1.727825980507862618e-04
1.737800828749376319e-04
1.747833262418219114e-04
1.757923613958693124e-04
1.768072217734319650e-04
1.778279410038922698e-04
1.788545529107771323e-04
1.798870915128787304e-04
1.809255910253820300e-04
1.819700858609982642e-04
1.830206106311056766e-04
1.840772001468956318e-04
1.851398894205272087e-04
1.862087136662867555e-04
1.872837083017548428e-04
1.883649089489800217e-04
1.894523514356591398e-04
1.905460717963248141e-04
1.916461062735387306e-04
1.927524913190936727e-04
1.938652635952207797e-04
1.949844599758045584e-04
1.961101175476047517e-04
1.972422736114853360e-04
1.983809656836505115e-04
1.995262314968878758e-04
2.006781090018189967e-04
2.018366363681561653e-04
2.030018519859684459e-04
2.041737944669529570e-04
2.053525026457146099e-04
2.065380155810529208e-04
2.077303725572563040e-04
2.089296130854038740e-04
2.101357769046746735e-04
2.113489039836647623e-04
2.125690345217107571e-04
2.137962089502232373e-04
2.150304679340256538e-04
2.162718523727020191e-04
2.175204034019522143e-04
2.187761623949551837e-04
2.200391709637399625e-04
2.213094709605638603e-04
2.225871044793005385e-04
2.238721138568339957e-04
2.251645416744617963e-04
2.264644307593059432e-04
2.277718241857321795e-04
2.290867652767772324e-04
2.304092976055844590e-04
2.317394649968479773e-04
2.330773115282638701e-04
2.344228815319922591e-04
2.357762195961254502e-04
2.371373705661655382e-04
2.385063795465105227e-04
2.398832919019489897e-04
2.412681532591632759e-04
2.426610095082414433e-04
2.440619068041981437e-04
2.454708915685031270e-04
2.468880104906209165e-04
2.483133105295570438e-04
2.497468389154143130e-04
2.511886431509579545e-04
2.526387710131895617e-04
2.540972705549306219e-04
2.555641901064139633e-04
2.570395782768864759e-04
2.585234839562191526e-04
2.600159563165272119e-04
2.615170448137997083e-04
2.630267991895381412e-04
2.645452694724048756e-04
2.660725059798808335e-04
2.676085593199333218e-04
2.691534803926916666e-04
2.707073203921357501e-04
2.722701308077912687e-04
2.738419634264361050e-04
2.754228703338166195e-04
2.770129039163732668e-04
2.786121168629769455e-04
2.802205621666745096e-04
2.818382931264455009e-04
2.834653633489667970e-04
2.851018267503909734e-04
2.867477375581316051e-04
2.884031503126605490e-04
2.900681198693153082e-04
2.917427014001165893e-04
2.934269503955970254e-04
2.951209226666386826e-04
2.968246743463242806e-04
2.985382618917960034e-04
3.002617420861267779e-04
3.019951720402015813e-04
3.037386091946104585e-04
3.054921113215512424e-04
3.072557365267445263e-04
3.090295432513592063e-04
3.108135902739476747e-04
3.126079367123955942e-04
3.144126420258795880e-04
3.162277660168379394e-04
3.180533688329520263e-04
3.198895109691397344e-04
3.217362532695600933e-04
3.235936569296281036e-04
3.254617834980459896e-04
3.273406948788383009e-04
3.292304533334065300e-04
3.311311214825911017e-04
3.330427623087463197e-04
3.349654391578275642e-04
3.368992157414906321e-04
3.388441561392027332e-04
3.408003248003648161e-04
3.427677865464504817e-04
3.447466065731494517e-04
3.467368504525316893e-04
3.487385841352184067e-04
3.507518739525679243e-04
3.527767866188738369e-04
3.548133892335753221e-04
3.568617492834813272e-04
3.589219346450053263e-04
3.609940135864167206e-04
3.630780547701014001e-04
3.651741272548377003e-04
3.672823004980846112e-04
3.694026443582833761e-04
3.715352290971728048e-04
3.736801253821155923e-04
3.758374042884443157e-04
3.780071373018112249e-04
3.801893963205612366e-04
3.823842536581126251e-04
3.845917820453535426e-04
3.868120546330520927e-04
3.890451449942804976e-04
3.912911271268531979e-04
3.935500754557772580e-04
3.958220648357226121e-04
3.981071705534973523e-04
4.004054683305463807e-04
4.027170343254590605e-04
4.050419451364930764e-04
4.073802778041126058e-04
4.097321098135413438e-04
4.120975190973304365e-04
4.144765840379392610e-04
4.168693834703355054e-04
4.192759966846054936e-04
4.216965034285822373e-04
4.241309839104881246e-04
4.265795188015925705e-04
4.290421892388857138e-04
4.315190768277650155e-04
4.340102636447440302e-04
4.365158322401661091e-04
4.390358656409447217e-04
4.415704473533125043e-04
4.441196613655889027e-04
4.466835921509630485e-04
4.492623246702932231e-04
4.518559443749226392e-04
4.544645372095084497e-04
4.570881896148752048e-04
4.597269885308722672e-04
4.623810213992603376e-04
4.650503761666062745e-04
4.677351412871981343e-04
4.704354057259759869e-04
4.731512589614802946e-04
4.758827909888170972e-04
4.786300923226385375e-04
4.813932540001448547e-04
4.841723675840993880e-04
4.869675251658630959e-04
4.897788193684460972e-04
4.926063433495771020e-04
4.954501908047905141e-04
4.983104559705293099e-04
5.011872336272725275e-04
5.040806191026695870e-04
5.069907082747044259e-04
5.099175975748701517e-04
5.128613839913648362e-04
5.158221650723055244e-04
5.188000389289610000e-04
5.217951042390025487e-04
5.248074602497722861e-04
5.278372067815769635e-04
5.308844442309884962e-04
5.339492735741766926e-04
5.370317963702527170e-04
5.401321147646347782e-04
5.432503314924330088e-04
5.463865498818539683e-04
5.495408738576247707e-04
5.527134079444351008e-04
5.559042572704037339e-04
5.591135275705602344e-04
5.623413251903490971e-04
5.655877570891538380e-04
5.688529308438413593e-04
5.721369546523268068e-04
5.754399373371566406e-04
5.787619883491208718e-04
5.821032177708715871e-04
5.854637363205772525e-04
5.888436553555889425e-04
5.922430868761305311e-04
5.956621435290103492e-04
5.991009386113536591e-04
6.025595860743581137e-04
6.060382005270660219e-04
6.095368972401693551e-04
6.130557921498208272e-04
6.165950018614822694e-04
6.201546436537853663e-04
6.237348354824191711e-04
6.273356959840378951e-04
6.309573444801929842e-04
6.345999009812872040e-04
6.382634861905488914e-04
6.419482215080359131e-04
6.456542290346555619e-04
6.493816315762113416e-04
6.531305526474723028e-04
6.569011164762661231e-04
6.606934480075964729e-04
6.645076729077792474e-04
6.683439175686149009e-04
6.722023091115669627e-04
6.760829753919818602e-04
6.799860450033224030e-04
6.839116472814292394e-04
6.878599123088074670e-04
6.918309709189362274e-04
6.958249547006056237e-04
6.998419960022730446e-04
7.038822279364571107e-04
7.079457843841380172e-04
7.120327999992025463e-04
7.161434102129019810e-04
7.202777512383407021e-04
7.244359600749898306e-04
7.286181745132274323e-04
7.328245331389044185e-04
7.370551753379346246e-04
7.413102413009177395e-04
7.455898720277815339e-04
7.498942093324558562e-04
7.542233958475706972e-04
7.585775750291836369e-04
7.629568911615335286e-04
7.673614893618185785e-04
7.717915155850126963e-04
7.762471166286919301e-04
7.807284401379069793e-04
7.852356346100718620e-04
7.897688493998855424e-04
7.943282347242813140e-04
7.989139416674040459e-04
8.035261221856176798e-04
8.081649291125367948e-04
8.128305161640994808e-04
8.175230379436501877e-04
8.222426499470712529e-04
8.269895085679317788e-04
8.317637711026708769e-04
8.365655957558098621e-04
8.413951416451946955e-04
8.462525688072696515e-04
8.511380382023767902e-04
8.560517117200948942e-04
8.609937521846007394e-04
8.659643233600653866e-04
8.709635899560805045e-04
8.759917176331170029e-04
8.810488730080146729e-04
8.861352236594993671e-04
8.912509381337459322e-04
8.963961859499502494e-04
9.015711376059570023e-04
9.067759645839049013e-04
9.120108393559096371e-04
9.172759353897793613e-04
9.225714271547629094e-04
9.278974901273317425e-04
9.332543007969905120e-04
9.386420366721355459e-04
9.440608762859235272e-04
9.495109992021982847e-04
9.549925860214359069e-04
9.605058183867305147e-04
9.660508789898131004e-04
9.716279515771058216e-04
9.772372209558110971e-04
9.828788730000324707e-04
9.885530946569390590e-04
9.942600739529566713e-04
1.000000000000000021e-03
1.003845014997884616e-03
1.007704814136104344e-03
1.011579454259898224e-03
1.015468992433080650e-03
1.019373485938872758e-03
1.023292992280753523e-03
1.027227569183304570e-03
1.031177274593054983e-03
1.035142166679344118e-03
1.039122303835169009e-03
1.043117744678052818e-03
1.047128548050899619e-03
1.051154773022868480e-03
1.055196478890240612e-03
1.059253725177288679e-03
1.063326571637161723e-03
1.067415078252755781e-03
1.071519305237605968e-03
1.075639313036768577e-03
1.079775162327709266e-03
1.083926914021203806e-03
1.088094629262226264e-03
1.092278369430858430e-03
1.096478196143185150e-03
1.100694171252209180e-03
1.104926356848759308e-03
1.109174815262400872e-03
1.113439609062361882e-03
1.117720801058445486e-03
1.122018454301963036e-03
1.126332632086658476e-03
1.130663397949638804e-03
1.135010815672315380e-03
1.139374949281336770e-03
1.143755863049537641e-03
1.148153621496882885e-03
1.152568289391414126e-03
1.156999931750211409e-03
1.161448613840342526e-03
1.165914401179832293e-03
1.170397359538618383e-03
1.174897554939529059e-03
1.179415053659250935e-03
1.183949922229301718e-03
1.188502227437019006e-03
1.193072036326533678e-03
1.197659416199766064e-03
1.202264434617413003e-03
1.206887159399940316e-03
1.211527658628588954e-03
1.216186000646367902e-03
1.220862254059071816e-03
1.225556487736280224e-03
1.230268770812381228e-03
1.234999172687585231e-03
1.239747763028944093e-03
1.244514611771385670e-03
1.249299789118733187e-03
1.254103365544748886e-03
1.258925411794167490e-03
1.263765998883734218e-03
1.268625198103260146e-03
1.273503081016661527e-03
1.278399719463022954e-03
1.283315185557651209e-03
1.288249551693133660e-03
1.293202890540413137e-03
1.298175275049848936e-03
1.303166778452299933e-03
1.308177474260194262e-03
1.313207436268619584e-03
1.318256738556407509e-03
1.323325455487219318e-03
1.328413661710651627e-03
1.333521432163324062e-03
1.338648842069992736e-03
1.343795966944654179e-03
1.348962882591653182e-03
1.354149665106809276e-03
1.359356390878525443e-03
1.364583136588923924e-03
1.369829979214970102e-03
1.375096996029603761e-03
1.380384264602885300e-03
1.385691862803127431e-03
1.391019868798053531e-03
1.396368361055937580e-03
1.401737418346769458e-03
1.407127119743410270e-03
1.412537544622753964e-03
1.417968772666905204e-03
1.423420883864341636e-03
1.428893958511102177e-03
1.434388077211965753e-03
1.439903320881632653e-03
1.445439770745927987e-03
1.450997508342984988e-03
1.456576615524457149e-03
1.462177174456718220e-03
1.467799267622069137e-03
1.473442977819961657e-03
1.479108388168207241e-03
1.484795582104212397e-03
1.490504643386196017e-03
1.496235656094432745e-03
1.501988704632487232e-03
1.507763873728452508e-03
1.513561248436208744e-03
1.519380914136662930e-03
1.525222956539019773e-03
1.531087461682030266e-03
1.536974515935270831e-03
1.542884206000410098e-03
1.548816618912481112e-03
1.554771842041174348e-03
1.560749963092111434e-03
1.566751070108148578e-03
1.572775251470667855e-03
1.578822595900874343e-03
1.584893192461114082e-03
1.590987130556172514e-03
1.597104499934602411e-03
1.603245390690041837e-03
1.609409893262534483e-03
1.615598098439874515e-03
1.621810097358929734e-03
1.628045981506997478e-03
1.634305842723137760e-03
1.640589773199538706e-03
1.646897865482868780e-03
1.653230212475634850e-03
1.659586907437561295e-03
1.665968043986951761e-03
1.672373716102078245e-03
1.678804018122560630e-03
1.685259044750750997e-03
1.691738891053140266e-03
1.698243652461744243e-03
1.704773424775522187e-03
1.711328304161781073e-03
1.717908387157587652e-03
1.724513770671202203e-03
1.731144551983491682e-03
1.737800828749376265e-03
1.744482698999254202e-03
1.751190261140456606e-03
1.757923613958693124e-03
1.764682856619499782e-03
1.771468088669713717e-03
1.778279410038922752e-03
1.785116921040953795e-03
1.791980722375333904e-03
1.798870915128787358e-03
1.805787600776717974e-03
1.812730881184698587e-03
1.819700858609982642e-03
1.826697635703003432e-03
1.833721315508882004e-03
1.840772001468956318e-03
1.847849797422290675e-03
1.854954807607219402e-03
1.862087136662867555e-03
1.869246889630704362e-03
1.876434171956085613e-03
1.883649089489800163e-03
1.890891748489642241e-03
1.898162255621961211e-03
1.905460717963248195e-03
1.912787243001697101e-03
1.920141938638801008e-03
1.927524913190936618e-03
1.934936275390952178e-03
1.942376134389781420e-03
1.949844599758045584e-03
1.957341781487659770e-03
1.964867789993468127e-03
1.972422736114853251e-03
1.980006731117385683e-03
1.987619886694444796e-03
1.995262314968878920e-03
2.002934128494650301e-03
2.010635440258487418e-03
2.018366363681561599e-03
2.026127012621143243e-03
2.033917501372293178e-03
2.041737944669529733e-03
2.049588457688533965e-03
2.057469156047840152e-03
2.065380155810529316e-03
2.073321573485956137e-03
2.081293526031447686e-03
2.089296130854038577e-03
2.097329505812197022e-03
2.105393769217550875e-03
2.113489039836647515e-03
2.121615436892684663e-03
2.129773080067280666e-03
2.137962089502232644e-03
2.146182585801277229e-03
2.154434690031884272e-03
2.162718523727020191e-03
2.171034208886955547e-03
2.179381867981046612e-03
2.187761623949552054e-03
2.196173600205436616e-03
2.204617920636184770e-03
2.213094709605638657e-03
2.221604091955811742e-03
2.230146193008743661e-03
2.238721138568339902e-03
2.247329054922216681e-03
2.255970068843577044e-03
2.264644307593059649e-03
2.273351898920629183e-03
2.282092971067450730e-03
2.290867652767772378e-03
2.299676073250835583e-03
2.308518362242761683e-03
2.317394649968479610e-03
2.326305067153626276e-03
2.335249745026486863e-03
2.344228815319922537e-03
2.353242410273301190e-03
2.362290662634462888e-03
2.371373705661655382e-03
2.380491673125516034e-03
2.389644699311023381e-03
2.398832919019489897e-03
2.408056467570541745e-03
2.417315480804103738e-03
2.426610095082414216e-03
2.435940447292026922e-03
2.445306674845818939e-03
2.454708915685031162e-03
2.464147308281281444e-03
2.473621991638622411e-03
2.483133105295570221e-03
2.492680789327175826e-03
2.502265184347080181e-03
2.511886431509579437e-03
2.521544672511719619e-03
2.531240049595363546e-03
2.540972705549306328e-03
2.550742783711359204e-03
2.560550427970475443e-03
2.570395782768864542e-03
2.580278993104110317e-03
2.590200204531325004e-03
2.600159563165272119e-03
2.610157215682535736e-03
2.620193309323675009e-03
2.630267991895381303e-03
2.640381411772677826e-03
2.650533717901079785e-03
2.660725059798808335e-03
2.670955587558985437e-03
2.681225451851833481e-03
2.691534803926916557e-03
2.701883795615344416e-03
2.712272579332029778e-03
2.722701308077912687e-03
2.733170135442232560e-03
2.743679215604781160e-03
2.754228703338165978e-03
2.764818754010108740e-03
2.775449523585710523e-03
2.786121168629769346e-03
2.796833846309077810e-03
2.807587714394727679e-03
2.818382931264454792e-03
2.829219655904948848e-03
2.840098047914213497e-03
2.851018267503909950e-03
2.861980475501705364e-03
2.872984833353665456e-03
2.884031503126605490e-03
2.895120647510502406e-03
2.906252429820865759e-03
2.917427014001165893e-03
2.928644564625237402e-03
2.939905246899694735e-03
2.951209226666386826e-03
2.962556670404814865e-03
2.973947745234607754e-03
2.985382618917960251e-03
2.996861459862124044e-03
3.008384437121879723e-03
3.019951720402016138e-03
3.031563480059849651e-03
3.043219887107722135e-03
3.054921113215512424e-03
3.066667330713183752e-03
3.078458712593298667e-03
3.090295432513592063e-03
3.102177664799501272e-03
3.114105584446758175e-03
3.126079367123955725e-03
3.138099189175125314e-03
3.150165227622356637e-03
3.162277660168379394e-03
3.174436665199205712e-03
3.186642421786731790e-03
3.198895109691397235e-03
3.211194909364824008e-03
3.223542001952462745e-03
3.235936569296281144e-03
3.248378793937431973e-03
3.260868859118935380e-03
3.273406948788382901e-03
3.285993247600654029e-03
3.298627940920629761e-03
3.311311214825910908e-03
3.324043256109580641e-03
3.336824252282942754e-03
3.349654391578275967e-03
3.362533862951628139e-03
3.375462856085572304e-03
3.388441561392027332e-03
3.401470170015035658e-03
3.414548873833600853e-03
3.427677865464504817e-03
3.440857338265133208e-03
3.454087486336344243e-03
3.467368504525316676e-03
3.480700588428412966e-03
3.494083934394066285e-03
3.507518739525679677e-03
3.521005201684520875e-03
3.534543519492627968e-03
3.548133892335753221e-03
3.561776520366290860e-03
3.575471604506212653e-03
3.589219346450053371e-03
3.603019948667852013e-03
3.616873614408161117e-03
3.630780547701014001e-03
3.644740953360952294e-03
3.658755036990033512e-03
3.672823004980846004e-03
3.686945064519573344e-03
3.701121423589031831e-03
3.715352290971727939e-03
3.729637876252939188e-03
3.743978389823810621e-03
3.758374042884443048e-03
3.772825047446994300e-03
3.787331616338822978e-03
3.801893963205612691e-03
3.816512302514505402e-03
3.831186849557288981e-03
3.845917820453535318e-03
3.860705432153815203e-03
3.875549902442861593e-03
3.890451449942804868e-03
3.905410294116381208e-03
3.920426655270151800e-03
3.935500754557776266e-03
3.950632813983237512e-03
3.965823056404142906e-03
3.981071705534973415e-03
3.996378985950409940e-03
4.011745123088624083e-03
4.027170343254590605e-03
4.042654873623441510e-03
4.058198942243799318e-03
4.073802778041125949e-03
4.089466610821122783e-03
4.105190671273078670e-03
4.120975190973303823e-03
4.136820402388507317e-03
4.152726538879246594e-03
4.168693834703355271e-03
4.184722525019378761e-03
4.200812845890068876e-03
4.216965034285822915e-03
4.233179328088211221e-03
4.249455966093445766e-03
4.265795188015925922e-03
4.282197234491755614e-03
4.298662347082276951e-03
4.315190768277649830e-03
4.331782741500415923e-03
4.348438511109067005e-03
4.365158322401660983e-03
4.381942421619436194e-03
4.398791055950435243e-03
4.415704473533125368e-03
4.432682923460086466e-03
4.449726655781662682e-03
4.466835921509630485e-03
4.484010972620929188e-03
4.501252062061336830e-03
4.518559443749225850e-03
4.535933372579275397e-03
4.553374104426248688e-03
4.570881896148752156e-03
4.588457005593003270e-03
4.606099691596657331e-03
4.623810213992603051e-03
4.641588833612782412e-03
4.659435812292037418e-03
4.677351412871981126e-03
4.695335899204855674e-03
4.713389536157405052e-03
4.731512589614802512e-03
4.749705326484557170e-03
4.767968014700422336e-03
4.786300923226385375e-03
4.804704322060580381e-03
4.823178482239309263e-03
4.841723675840994313e-03
4.860340175990215776e-03
4.879028256861725130e-03
4.897788193684460972e-03
4.916620262745645571e-03
4.935524741394806819e-03
4.954501908047905141e-03
4.973552042191397952e-03
4.992675424386383912e-03
5.011872336272724625e-03
5.031143060573176756e-03
5.050487881097583988e-03
5.069907082747044692e-03
5.089400951518088280e-03
5.108969774506929608e-03
5.128613839913647929e-03
5.148333437046480332e-03
5.168128856326035386e-03
5.188000389289609132e-03
5.207948328595464645e-03
5.227972968027122871e-03
5.248074602497728065e-03
5.268253528054349898e-03
5.288510041882382717e-03
5.308844442309884962e-03
5.329257028812002701e-03
5.349748102015373236e-03
5.370317963702526953e-03
5.390966916816372460e-03
5.411695265464637472e-03
5.432503314924335726e-03
5.453391371646278130e-03
5.474359743259593451e-03
5.495408738576248141e-03
5.516538667595580030e-03
5.537749841508896216e-03
5.559042572704037122e-03
5.580417174769963969e-03
5.601873962501413041e-03
5.623413251903490971e-03
5.645035360196368895e-03
5.666740605819913304e-03
5.688529308438413160e-03
5.710401788945271458e-03
5.732358369467713266e-03
5.754399373371566623e-03
5.776525125266004403e-03
5.798735951008315674e-03
5.821032177708716088e-03
5.843414133735174744e-03
5.865882148718244531e-03
5.888436553555889859e-03
5.911077680418404603e-03
5.933805862753280605e-03
5.956621435290103059e-03
5.979524734045521366e-03
6.002516096328148858e-03
6.025595860743580487e-03
6.048764367199331582e-03
6.072021956909884159e-03
6.095368972401693335e-03
6.118805757518218889e-03
6.142332657425020152e-03
6.165950018614822260e-03
6.189658188912610173e-03
6.213457517480758252e-03
6.237348354824191060e-03
6.261331052795528554e-03
6.285405964600247752e-03
6.309573444801930275e-03
6.333833849327454371e-03
6.358187535472228577e-03
6.382634861905489565e-03
6.407176188675537537e-03
6.431811877215091316e-03
6.456542290346555836e-03
6.481367792287415393e-03
6.506288748655573995e-03
6.531305526474722595e-03
6.556418494179792195e-03
6.581628021622321946e-03
6.606934480075964296e-03
6.632338242241898191e-03
6.657839682254361978e-03
6.683439175686149009e-03
6.709137099554111916e-03
6.734933832324762303e-03
6.760829753919818386e-03
6.786825245721785603e-03
6.812920690579615281e-03
6.839116472814293045e-03
6.865412978224551266e-03
6.891810594092496502e-03
6.918309709189362708e-03
6.944910713781214141e-03
6.971613999634672550e-03
6.998419960022738036e-03
7.025328989730521452e-03
7.052341485061116438e-03
7.079457843841380389e-03
7.106678465427842921e-03
7.134003750712564901e-03
7.161434102129020027e-03
7.188969923658069215e-03
7.216611620833883814e-03
7.244359600749906113e-03
7.272214272064859292e-03
7.300176045008779924e-03
7.328245331389044402e-03
7.356422544596413586e-03
7.384708099611164180e-03
7.413102413009176744e-03
7.441605902968052334e-03
7.470218989273319336e-03
7.498942093324557912e-03
7.527775638141667551e-03
7.556720048371033151e-03
7.585775750291835935e-03
7.614943171822305401e-03
7.644222742526001618e-03
7.673614893618186002e-03
7.703120057972146981e-03
7.732738670125563832e-03
7.762471166286919952e-03
7.792317984341940416e-03
7.822279563860029539e-03
7.852356346100718837e-03
7.882548774020210411e-03
7.912857292277883023e-03
7.943282347242813790e-03
7.973824387000403094e-03
8.004483861358917957e-03
8.035261221856177666e-03
8.066156921766135315e-03
8.097171416105617206e-03
8.128305161640994592e-03
8.159558616894888386e-03
8.190932242152976217e-03
8.222426499470712746e-03
8.254041852680190500e-03
8.285778767396913963e-03
8.317637711026708985e-03
8.349619152772585345e-03
8.381723563641621869e-03
8.413951416451946955e-03
8.446303185839686145e-03
8.478779348265921834e-03
8.511380382023767469e-03
8.544106767245349815e-03
8.576958985908945607e-03
8.609937521846007177e-03
8.643042860748356357e-03
8.676275490175302044e-03
8.709635899560804612e-03
8.743124580220740932e-03
8.776742025360063579e-03
8.810488730080147379e-03
8.844365191385998928e-03
8.878371908193646508e-03
8.912509381337458889e-03
8.946778113577490144e-03
8.981178609606940699e-03
9.015711376059569807e-03
9.050376921517128831e-03
9.085175756516870871e-03
9.120108393559096804e-03
9.155175347114675316e-03
9.190377133632594148e-03
9.225714271547629311e-03
9.261187281287937972e-03
9.296796685282708583e-03
9.332543007969915094e-03
9.368426775803963616e-03
9.404448517263522961e-03
9.440608762859235489e-03
9.476908045141591019e-03
9.513346898708743490e-03
9.549925860214358853e-03
9.586645468375570509e-03
9.623506263980887918e-03
9.660508789898141629e-03
9.697653591082495972e-03
9.734941214584498168e-03
9.772372209558111839e-03
9.809947127268774797e-03
9.847666521101578266e-03
9.885530946569390590e-03
9.923540961321003495e-03
9.961697125149415397e-03
1.000000000000000021e-02
1.002882377450984089e-02
1.005773063001738112e-02
1.008672080599341478e-02
1.011579454259898224e-02
1.014495208068736352e-02
1.017419366180605071e-02
1.020351952819878623e-02
1.023292992280754217e-02
1.026242508927454299e-02
1.029200527194428123e-02
1.032167071586554200e-02
1.035142166679343598e-02
1.038125837119143434e-02
1.041118107623339659e-02
1.044119002980564356e-02
1.047128548050899575e-02
1.050146767766083240e-02
1.053173687129715930e-02
1.056209331217468524e-02
1.059253725177288635e-02
1.062306894229611033e-02
1.065368863667563552e-02
1.068439658857179425e-02
1.071519305237606488e-02
1.074607828321317432e-02
1.077705253694321783e-02
1.080811607016377365e-02
1.083926914021203329e-02
1.087051200516692823e-02
1.090184492385127928e-02
1.093326815583391294e-02
1.096478196143185063e-02
1.099638660171243891e-02
1.102808233849551962e-02
1.105986943435559484e-02
1.109174815262400915e-02
1.112371875739112670e-02
1.115578151350852566e-02
1.118793668659116662e-02
1.122018454301963557e-02
1.125252534994231578e-02
1.128495937527761693e-02
1.131748688771618862e-02
1.135010815672314946e-02
1.138282345254031797e-02
1.141563304618845899e-02
1.144853720946950246e-02
1.148153621496882971e-02
1.151463033605751307e-02
1.154781984689458134e-02
1.158110502242929753e-02
1.161448613840342613e-02
1.164796347135352815e-02
1.168153729861324229e-02
1.171520789831560078e-02
1.174897554939529666e-02
1.178284053159103784e-02
1.181680312544783687e-02
1.185086361231934594e-02
1.188502227437018312e-02
1.191927939457827074e-02
1.195363525673718251e-02
1.198809014545849753e-02
1.202264434617413176e-02
1.205729814513874405e-02
1.209205182943208501e-02
1.212690568696137006e-02
1.216186000646367858e-02
1.219691507750833570e-02
1.223207119049931312e-02
1.226732863667764732e-02
1.230268770812381791e-02
1.233814869776021263e-02
1.237371189935352472e-02
1.240937760751719549e-02
1.244514611771384976e-02
1.248101772625775062e-02
1.251699273031724874e-02
1.255307142791724749e-02
1.258925411794167490e-02
1.262554110013593828e-02
1.266193267510944305e-02
1.269842914433805779e-02
1.273503081016661570e-02
1.277173797581142821e-02
1.280855094536278473e-02
1.284547002378747839e-02
1.288249551693134223e-02
1.291962773152174893e-02
1.295686697517019551e-02
1.299421355637482740e-02
1.303166778452299369e-02
1.306922996989381795e-02
1.310690042366076564e-02
1.314467945789422020e-02
1.318256738556407466e-02
1.322056452054230259e-02
1.325867117760559308e-02
1.329688767243793722e-02
1.333521432163324062e-02
1.337365144269795671e-02
1.341219935405370961e-02
1.345085837503993791e-02
1.348962882591653312e-02
1.352851102786650599e-02
1.356750530299861805e-02
1.360661197435008955e-02
1.364583136588924488e-02
1.368516380251821526e-02
1.372460961007561896e-02
1.376416911533926042e-02
1.380384264602885214e-02
1.384363053080869821e-02
1.388353309929045605e-02
1.392355068203584255e-02
1.396368361055937667e-02
1.400393221733112897e-02
1.404429683577947466e-02
1.408477780029385173e-02
1.412537544622754007e-02
1.416609010990043868e-02
1.420692212860182393e-02
1.424787184059319277e-02
1.428893958511102957e-02
1.433012570236962685e-02
1.437143053356390587e-02
1.441285442087223388e-02
1.445439770745927249e-02
1.449606073747880877e-02
1.453784385607662100e-02
1.457974740939330452e-02
1.462177174456718264e-02
1.466391720973716020e-02
1.470618415404560328e-02
1.474857292764124479e-02
1.479108388168207111e-02
1.483371736833825373e-02
1.487647374079502371e-02
1.491935335325564847e-02
1.496235656094433569e-02
1.500548372010918584e-02
1.504873518802513771e-02
1.509211132299693135e-02
1.513561248436207964e-02
1.517923903249383810e-02
1.522299132880420430e-02
1.526686973574687550e-02
1.531087461682030353e-02
1.535500633657067154e-02
1.539926526059491943e-02
1.544365175554378126e-02
1.548816618912481069e-02
1.553280893010543923e-02
1.557758034831601898e-02
1.562248081465290699e-02
1.566751070108149402e-02
1.571267038063934099e-02
1.575796022743924246e-02
1.580338061667231619e-02
1.584893192461113431e-02
1.589461452861281460e-02
1.594042880712218113e-02
1.598637513967484519e-02
1.603245390690041794e-02
1.607866549052560864e-02
1.612501027337741658e-02
1.617148863938628472e-02
1.621810097358929864e-02
1.626484766213335403e-02
1.631172909227837989e-02
1.635874565240053383e-02
1.640589773199539747e-02
1.645318572168125160e-02
1.650061001320227844e-02
1.654817099943181255e-02
1.659586907437560557e-02
1.664370463317507015e-02
1.669167807211057244e-02
1.673978978860471076e-02
1.678804018122560804e-02
1.683642964969018704e-02
1.688495859486753223e-02
1.693362741878217878e-02
1.698243652461744330e-02
1.703138631671876832e-02
1.708047720059707730e-02
1.712970958293213650e-02
1.717908387157588562e-02
1.722860047555587956e-02
1.727825980507863637e-02
1.732806227153304082e-02
1.737800828749375484e-02
1.742809826672464188e-02
1.747833262418218431e-02
1.752871177601892511e-02
1.757923613958693038e-02
1.762990613344119981e-02
1.768072217734319856e-02
1.773168469226428512e-02
1.778279410038922925e-02
1.783405082511968151e-02
1.788545529107771204e-02
1.793700792410930778e-02
1.798870915128787315e-02
1.804055940091786603e-02
1.809255910253821167e-02
1.814470868692596300e-02
1.819700858609983596e-02
1.824945923332377262e-02
1.830206106311055986e-02
1.835481451122540283e-02
1.840772001468956448e-02
1.846077801178392513e-02
1.851398894205272261e-02
1.856735324630706327e-02
1.862087136662867598e-02
1.867454374637352033e-02
1.872837083017548504e-02
1.878235306395004828e-02
1.883649089489800033e-02
1.889078477150913163e-02
1.894523514356592428e-02
1.899984246214733025e-02
1.905460717963247327e-02
1.910952974970440629e-02
1.916461062735386189e-02
1.921985026888303749e-02
1.927524913190936662e-02
1.933080767536927286e-02
1.938652635952207645e-02
1.944240564595367191e-02
1.949844599758045541e-02
1.955464787865310999e-02
1.961101175476047398e-02
1.966753809283338164e-02
1.972422736114853511e-02
1.978108002933240406e-02
1.983809656836505245e-02
1.989527745058416314e-02
1.995262314968879874e-02
2.001013414074344354e-02
2.006781090018188926e-02
2.012565390581118677e-02
2.018366363681560818e-02
2.024184057376061247e-02
2.030018519859684567e-02
2.035869799466408225e-02
2.041737944669529473e-02
2.047623004082063658e-02
2.053525026457145991e-02
2.059444060688437814e-02
2.065380155810529056e-02
2.071333360999348325e-02
2.077303725572562931e-02
2.083291298989999735e-02
2.089296130854039618e-02
2.095318270910041802e-02
2.101357769046747689e-02
2.107414675296698583e-02
2.113489039836646474e-02
2.119580912987973839e-02
2.125690345217107549e-02
2.131817387135934855e-02
2.137962089502232557e-02
2.144124503220072586e-02
2.150304679340256375e-02
2.156502669060732583e-02
2.162718523727020017e-02
2.168952294832636463e-02
2.175204034019522295e-02
2.181473793078470697e-02
2.187761623949553008e-02
2.194067578722553452e-02
2.200391709637398649e-02
2.206734069084589911e-02
2.213094709605637617e-02
2.219473683893496974e-02
2.225871044793005515e-02
2.232286845301314007e-02
2.238721138568339902e-02
2.245173977897190962e-02
2.251645416744618017e-02
2.258135508721454202e-02
2.264644307593059389e-02
2.271171867279765319e-02
2.277718241857321774e-02
2.284283485557347601e-02
2.290867652767772378e-02
2.297470798033300274e-02
2.304092976055845815e-02
2.310734241695000177e-02
2.317394649968478396e-02
2.324074256052578724e-02
2.330773115282637475e-02
2.337491283153488031e-02
2.344228815319922624e-02
2.350985767597147877e-02
2.357762195961254567e-02
2.364558156549675938e-02
2.371373705661655382e-02
2.378208899758710998e-02
2.385063795465105357e-02
2.391938449568313529e-02
2.398832919019489723e-02
2.405747260933951276e-02
2.412681532591633843e-02
2.419635791437581979e-02
2.426610095082415430e-02
2.433604501302811390e-02
2.440619068041980158e-02
2.447653853410146005e-02
2.454708915685031162e-02
2.461784313312330094e-02
2.468880104906209100e-02
2.475996349249773992e-02
2.483133105295570395e-02
2.490290432166066339e-02
2.497468389154143195e-02
2.504667035723586940e-02
2.511886431509579437e-02
2.519126636319196991e-02
2.526387710131896766e-02
2.533669713100024368e-02
2.540972705549305113e-02
2.548296747979346411e-02
2.555641901064138397e-02
2.563008225652555622e-02
2.570395782768864629e-02
2.577804633613220778e-02
2.585234839562191439e-02
2.592686462169243797e-02
2.600159563165272206e-02
2.607654204459100220e-02
2.615170448137997192e-02
2.622708356468190019e-02
2.630267991895381477e-02
2.637849417045267167e-02
2.645452694724048648e-02
2.653077887918967731e-02
2.660725059798809897e-02
2.668394273714442405e-02
2.676085593199331938e-02
2.683799081970072997e-02
2.691534803926915256e-02
2.699292823154293003e-02
2.707073203921357696e-02
2.714876010682503935e-02
2.722701308077912774e-02
2.730549160934081510e-02
2.738419634264361441e-02
2.746312793269497024e-02
2.754228703338166065e-02
2.762167430047522687e-02
2.770129039163732668e-02
2.778113596642536182e-02
2.786121168629770647e-02
2.794151821461938676e-02
2.802205621666746527e-02
2.810282635963659917e-02
2.818382931264453578e-02
2.826506574673768799e-02
2.834653633489668187e-02
2.842824175204187315e-02
2.851018267503909603e-02
2.859235978270506864e-02
2.867477375581315921e-02
2.875742527709898577e-02
2.884031503126605750e-02
2.892344370499145417e-02
2.900681198693152996e-02
2.909042056772761370e-02
2.917427014001167454e-02
2.925836139841216099e-02
2.934269503955968736e-02
2.942727176209281731e-02
2.951209226666385438e-02
2.959715725594464983e-02
2.968246743463242784e-02
2.976802350945556910e-02
2.985382618917960251e-02
2.993987618461289163e-02
3.002617420861267497e-02
3.011272097609090162e-02
3.019951720402016052e-02
3.028656361143963402e-02
3.037386091946104455e-02
3.046140985127463938e-02
3.054921113215512338e-02
3.063726548946781383e-02
3.072557365267446911e-02
3.081413635333948853e-02
3.090295432513590415e-02
3.099202830385146615e-02
3.108135902739474904e-02
3.117094723580125445e-02
3.126079367123955899e-02
3.135089907801740655e-02
3.144126420258795684e-02
3.153188979355592975e-02
3.162277660168379134e-02
3.171392537989799199e-02
3.180533688329520436e-02
3.189701186914858239e-02
3.198895109691397148e-02
3.208115532823636873e-02
3.217362532695599436e-02
3.226636185911482130e-02
3.235936569296282705e-02
3.245263759896437061e-02
3.254617834980458313e-02
3.263998872039576560e-02
3.273406948788382814e-02
3.282842143165463217e-02
3.292304533334065170e-02
3.301794197682720450e-02
3.311311214825911342e-02
3.320855663604715957e-02
3.330427623087463262e-02
3.340027172570386726e-02
3.349654391578275880e-02
3.359309359865152861e-02
3.368992157414905930e-02
3.378702864441982673e-02
3.388441561392025597e-02
3.398208328942559087e-02
3.408003248003649982e-02
3.417826399718575797e-02
3.427677865464504731e-02
3.437557726853154860e-02
3.447466065731494278e-02
3.457402964182391958e-02
3.467368504525316503e-02
3.477362769317012686e-02
3.487385841352183546e-02
3.497437803664180112e-02
3.507518739525679330e-02
3.517628732449393919e-02
3.527767866188738499e-02
3.537936224738548463e-02
3.548133892335755130e-02
3.558360953460095594e-02
3.568617492834811472e-02
3.578903595427346263e-02
3.589219346450053805e-02
3.599564831360894945e-02
3.609940135864166816e-02
3.620345345911182150e-02
3.630780547701013827e-02
3.641245827681179048e-02
3.651741272548376938e-02
3.662266969249198395e-02
3.672823004980846351e-02
3.683409467191860187e-02
3.694026443582833913e-02
3.704674022107157932e-02
3.715352290971726118e-02
3.726061338637685211e-02
3.736801253821157853e-02
3.747572125493980888e-02
3.758374042884442962e-02
3.769207095478015190e-02
3.780071373018112357e-02
3.790966965506808312e-02
3.801893963205612431e-02
3.812852456636189186e-02
3.823842536581126272e-02
3.834864294084681935e-02
3.845917820453535058e-02
3.857003207257550526e-02
3.868120546330520992e-02
3.879269929770954445e-02
3.890451449942804868e-02
3.901665199476270218e-02
3.912911271268530028e-02
3.924189758484535745e-02
3.935500754557774705e-02
3.946844353191042432e-02
3.958220648357226035e-02
3.969629734300068880e-02
3.981071705534973415e-02
3.992546656849758208e-02
4.004054683305463547e-02
4.015595880237130683e-02
4.027170343254590779e-02
4.038778168243261496e-02
4.050419451364931089e-02
4.062094289058574420e-02
4.073802778041125949e-02
4.085545015308310324e-02
4.097321098135415368e-02
4.109131124078121977e-02
4.120975190973302088e-02
4.132853396939828450e-02
4.144765840379392718e-02
4.156712619977308981e-02
4.168693834703354750e-02
4.180709583812558527e-02
4.192759966846054676e-02
4.204845083631880698e-02
4.216965034285822395e-02
4.229119919212236123e-02
4.241309839104881463e-02
4.253534894947756662e-02
4.265795188015925749e-02
4.278090819876381040e-02
4.290421892388854991e-02
4.302788507706684779e-02
4.315190768277652605e-02
4.327628776844830855e-02
4.340102636447440432e-02
4.352612450421690371e-02
4.365158322401661156e-02
4.377740356320124898e-02
4.390358656409447391e-02
4.403013327202414534e-02
4.415704473533125368e-02
4.428432200537846947e-02
4.441196613655888636e-02
4.453997818630479888e-02
4.466835921509629964e-02
4.479711028647037629e-02
4.492623246702932144e-02
4.505572682644998217e-02
4.518559443749223942e-02
4.531583637600818115e-02
4.544645372095086622e-02
4.557744755438333101e-02
4.570881896148751983e-02
4.584056903057320137e-02
4.597269885308722520e-02
4.610520952362225089e-02
4.623810213992603224e-02
4.637137780291045869e-02
4.650503761666063135e-02
4.663908268844408483e-02
4.677351412871981473e-02
4.690833305114774227e-02
4.704354057259759608e-02
4.717913781315853650e-02
4.731512589614805114e-02
4.745150594812158618e-02
4.758827909888168478e-02
4.772544648148743796e-02
4.786300923226385201e-02
4.800096849081114669e-02
4.813932540001448351e-02
4.827808110605304875e-02
4.841723675840994140e-02
4.855679350988133941e-02
4.869675251658631132e-02
4.883711493797627395e-02
4.897788193684461666e-02
4.911905467933636027e-02
4.926063433495771193e-02
4.940262207658598775e-02
4.954501908047902886e-02
4.968782652628517954e-02
4.983104559705295311e-02
4.997467747924085740e-02
5.011872336272724798e-02
5.026318444082005649e-02
5.040806191026695610e-02
5.055335697126489558e-02
5.069907082747044519e-02
5.084520468600939314e-02
5.099175975748701517e-02
5.113873725599799025e-02
5.128613839913648276e-02
5.143396440800622471e-02
5.158221650723055635e-02
5.173089592496280670e-02
5.188000389289609826e-02
5.202954164627397043e-02
5.217951042390023275e-02
5.232991146814947037e-02
5.248074602497725810e-02
5.263201534393047165e-02
5.278372067815769592e-02
5.293586328441943212e-02
5.308844442309884615e-02
5.324146535821180914e-02
5.339492735741766666e-02
5.354883169202961923e-02
5.370317963702526953e-02
5.385797247105721108e-02
5.401321147646347826e-02
5.416889793927849583e-02
5.432503314924330695e-02
5.448161839981667531e-02
5.463865498818542416e-02
5.479614421527546908e-02
5.495408738576245539e-02
5.511248580808258274e-02
5.527134079444351311e-02
5.543065366083504281e-02
5.559042572704037122e-02
5.575065831664657162e-02
5.591135275705601954e-02
5.607251037949697453e-02
5.623413251903491145e-02
5.639622051458342833e-02
5.655877570891539030e-02
5.672179944867405954e-02
5.688529308438412813e-02
5.704925797046320884e-02
5.721369546523264599e-02
5.737860693092910330e-02
5.754399373371569398e-02
5.770985724369332576e-02
5.787619883491208761e-02
5.804301988538248386e-02
5.821032177708716088e-02
5.837810589599193301e-02
5.854637363205773132e-02
5.871512637925166422e-02
5.888436553555889685e-02
5.905409250299410023e-02
5.922430868761306005e-02
5.939501549952438259e-02
5.956621435290103406e-02
5.973790666599235188e-02
5.991009386113536894e-02
6.008277736476707459e-02
6.025595860743578058e-02
6.042963902381328495e-02
6.060382005270662648e-02
6.077850313707004737e-02
6.095368972401693508e-02
6.112938126483169476e-02
6.130557921498208662e-02
6.148228503413086937e-02
6.165950018614822087e-02
6.183722613912372157e-02
6.201546436537853924e-02
6.219421634147764139e-02
6.237348354824191754e-02
6.255326747076073168e-02
6.273356959840378777e-02
6.291439142483400138e-02
6.309573444801933051e-02
6.327760017024558481e-02
6.345999009812867964e-02
6.364290574262720934e-02
6.382634861905489565e-02
6.401032024709307766e-02
6.419482215080359044e-02
6.437985585864097748e-02
6.456542290346556356e-02
6.475152482255576436e-02
6.493816315762113156e-02
6.512533945481498165e-02
6.531305526474723289e-02
6.550131214249724221e-02
6.569011164762661448e-02
6.587945534419240023e-02
6.606934480075961347e-02
6.625978159041460980e-02
6.645076729077795119e-02
6.664230348401747883e-02
6.683439175686148315e-02
6.702703370061166566e-02
6.722023091115669757e-02
6.741398498898491798e-02
6.760829753919818386e-02
6.780317017152459602e-02
6.799860450033223813e-02
6.819460214464237446e-02
6.839116472814292524e-02
6.858829387920190035e-02
6.878599123088074974e-02
6.898425842094825511e-02
6.918309709189363055e-02
6.938250889094058071e-02
6.958249547006052638e-02
6.978305848598663486e-02
6.998419960022735087e-02
7.018592047908020493e-02
7.038822279364570500e-02
7.059110821984092288e-02
7.079457843841380216e-02
7.099863513495661971e-02
7.120327999992026591e-02
7.140851472862813631e-02
7.161434102129020374e-02
7.182076058301709032e-02
7.202777512383407021e-02
7.223538635869559965e-02
7.244359600749898653e-02
7.265240579509923968e-02
7.286181745132278009e-02
7.307183271098219302e-02
7.328245331389041106e-02
7.349368100487516098e-02
7.370551753379346593e-02
7.391796465554595352e-02
7.413102413009177438e-02
7.434469772246266039e-02
7.455898720277816250e-02
7.477389434625965337e-02
7.498942093324557912e-02
7.520556874920591994e-02
7.542233958475706712e-02
7.563973523567667223e-02
7.585775750291835762e-02
7.607640819262702359e-02
7.629568911615332294e-02
7.651560209006900981e-02
7.673614893618189992e-02
7.695733148155090020e-02
7.717915155850127440e-02
7.740161100463954780e-02
7.762471166286918911e-02
7.784845538140534871e-02
7.807284401379069316e-02
7.829787941891024061e-02
7.852356346100718143e-02
7.874989800969810216e-02
7.897688493998855641e-02
7.920452613228858019e-02
7.943282347242813790e-02
7.966177885167309569e-02
7.989139416674040373e-02
8.012167131981433321e-02
8.035261221856172809e-02
8.058421877614818651e-02
8.081649291125371504e-02
8.104943654808872966e-02
8.128305161640994592e-02
8.151734005153622731e-02
8.175230379436501660e-02
8.198794479138789282e-02
8.222426499470712746e-02
8.246126636205160232e-02
8.269895085679317137e-02
8.293732044796288394e-02
8.317637711026708291e-02
8.341612282410430790e-02
8.365655957558099098e-02
8.389768935652859583e-02
8.413951416451952159e-02
8.438203600288408934e-02
8.462525688072693175e-02
8.486917881294367416e-02
8.511380382023767122e-02
8.535913392913657693e-02
8.560517117200948378e-02
8.585191758708328458e-02
8.609937521846007524e-02
8.634754611613358610e-02
8.659643233600652912e-02
8.684603593990751491e-02
8.709635899560805306e-02
8.734740357683985768e-02
8.759917176331169508e-02
8.785166564072718898e-02
8.810488730080141828e-02
8.835883884127875010e-02
8.861352236594997878e-02
8.886893998466986744e-02
8.912509381337459236e-02
8.938198597409906243e-02
8.963961859499501583e-02
8.989799381034800640e-02
9.015711376059570847e-02
9.041698059234505591e-02
9.067759645839049143e-02
9.093896351773159137e-02
9.120108393559096804e-02
9.146395988343226924e-02
9.172759353897794177e-02
9.199198708622777221e-02
9.225714271547628964e-02
9.252306262333163944e-02
9.278974901273312481e-02
9.305720409296990014e-02
9.332543007969909543e-02
9.359442919496421820e-02
9.386420366721355546e-02
9.413475573131846463e-02
9.440608762859235836e-02
9.467820160680863462e-02
9.495109992021982803e-02
9.522478482957601187e-02
9.549925860214358853e-02
9.577452351172416334e-02
9.605058183867304367e-02
9.632743586991879270e-02
9.660508789898131221e-02
9.688354022599171556e-02
9.716279515771063247e-02
9.744285500754780449e-02
9.772372209558106981e-02
9.800539874857559786e-02
9.828788730000324880e-02
9.857119009006160004e-02
9.885530946569390243e-02
9.914024778060782916e-02
9.942600739529568188e-02
9.971259067705325052e-02
1.000000000000000056e-01
1.002305238077899618e-01
1.004615790278395177e-01
1.006931668851804157e-01
1.009252886076684452e-01
1.011579454259898536e-01
1.013911385736679382e-01
1.016248692870695691e-01
1.018591388054116975e-01
1.020939483707680034e-01
1.023292992280754182e-01
1.025651926251407581e-01
1.028016298126473577e-01
1.030386120441616205e-01
1.032761405761397494e-01
1.035142166679343806e-01
1.037528415818012584e-01
1.039920165829059245e-01
1.042317429393304212e-01
1.044720219220800078e-01
1.047128548050899610e-01
1.049542428652322362e-01
1.051961873823222954e-01
1.054386896391258932e-01
1.056817509213658496e-01
1.059253725177288913e-01
1.061695557198724660e-01
1.064143018224316117e-01
1.066596121230257849e-01
1.069054879222657989e-01
1.071519305237606523e-01
1.073989412341244815e-01
1.076465213629834994e-01
1.078946722229828792e-01
1.081433951297938040e-01
1.083926914021203641e-01
1.086425623617065517e-01
1.088930093333433519e-01
1.091440336448756543e-01
1.093956366272093861e-01
1.096478196143185063e-01
1.099005839432521114e-01
1.101539309541415129e-01
1.104078619902073288e-01
1.106623783977666448e-01
1.109174815262401192e-01
1.111731727281591448e-01
1.114294533591730085e-01
1.116863247780561230e-01
1.119437883467151590e-01
1.122018454301963591e-01
1.124604973966926574e-01
1.127197456175510482e-01
1.129795914672797885e-01
1.132400363235557122e-01
1.135010815672315154e-01
1.137627285823430978e-01
1.140249787561168765e-01
1.142878334789771827e-01
1.145512941445535754e-01
1.148153621496882937e-01
1.150800388944435565e-01
1.153453257821092370e-01
1.156112242192098710e-01
1.158777356155126226e-01
1.161448613840342647e-01
1.164126029410491453e-01
1.166809617060962367e-01
1.169499391019871160e-01
1.172195365548130280e-01
1.174897554939529770e-01
1.177605973520807203e-01
1.180320635651729844e-01
1.183041555725164590e-01
1.185768748167159992e-01
1.188502227437018277e-01
1.191242008027374732e-01
1.193988104464273059e-01
1.196740531307243366e-01
1.199499303149378776e-01
1.202264434617412864e-01
1.205035940371797371e-01
1.207813835106780059e-01
1.210598133550482292e-01
1.213388850464977159e-01
1.216186000646367893e-01
1.218989598924866413e-01
1.221799660164871737e-01
1.224616199265048666e-01
1.227439231158407168e-01
1.230268770812381479e-01
1.233104833228908931e-01
1.235947433444510440e-01
1.238796586530369059e-01
1.241652307592411020e-01
1.244514611771384976e-01
1.247383514242942915e-01
1.250259030217719947e-01
1.253141174941415914e-01
1.256029963694874907e-01
1.258925411794167282e-01
1.261827534590670707e-01
1.264736347471151212e-01
1.267651865857845617e-01
1.270574105208541471e-01
1.273503081016661709e-01
1.276438808811343750e-01
1.279381304157524712e-01
1.282330582656021345e-01
1.285286659943615517e-01
1.288249551693133876e-01
1.291219273613534169e-01
1.294195841449986006e-01
1.297179270983955801e-01
1.300169578033290307e-01
1.303166778452299335e-01
1.306170888131841512e-01
1.309181922999407000e-01
1.312199899019203253e-01
1.315224832192238291e-01
1.318256738556407015e-01
1.321295634186575030e-01
1.324341535194664687e-01
1.327394457729739463e-01
1.330454417978091108e-01
1.333521432163324028e-01
1.336595516546442153e-01
1.339676687425934987e-01
1.342764961137863922e-01
1.345860354055948283e-01
1.348962882591653589e-01
1.352072563194277321e-01
1.355189412351036071e-01
1.358313446587154083e-01
1.361444682465950129e-01
1.364583136588924661e-01
1.367728825595849185e-01
1.370881766164853688e-01
1.374041975012515182e-01
1.377209468893946520e-01
1.380384264602884936e-01
1.383566378971780864e-01
1.386755828871888419e-01
1.389952631213353385e-01
1.393156802945303141e-01
1.396368361055937701e-01
1.399587322572618253e-01
1.402813704561958197e-01
1.406047524129913906e-01
1.409288798421874656e-01
1.412537544622754493e-01
1.415793779957081611e-01
1.419057521689092161e-01
1.422328787122819904e-01
1.425607593602188361e-01
1.428893958511102957e-01
1.432187899273543452e-01
1.435489433353656086e-01
1.438798578255845451e-01
1.442115351524868860e-01
1.445439770745927666e-01
1.448771853544761623e-01
1.452111617587742431e-01
1.455459080581966158e-01
1.458814260275348440e-01
1.462177174456718298e-01
1.465547840955911674e-01
1.468926277643866907e-01
1.472312502432719106e-01
1.475706533275894516e-01
1.479108388168207666e-01
1.482518085145953790e-01
1.485935642287007086e-01
1.489361077710915360e-01
1.492794409578996340e-01
1.496235656094433430e-01
1.499684835502373137e-01
1.503141966090022486e-01
1.506607066186741728e-01
1.510080154164148425e-01
1.513561248436207929e-01
1.517050367459336913e-01
1.520547529732495518e-01
1.524052753797291437e-01
1.527566058238072344e-01
1.531087461682030249e-01
1.534616982799294205e-01
1.538154640303034948e-01
1.541700452949559264e-01
1.545254439538414071e-01
1.548816618912481069e-01
1.552387009958082487e-01
1.555965631605074340e-01
1.559552502826953846e-01
1.563147642640953794e-01
1.566751070108149402e-01
1.570362804333552409e-01
1.573982864466219600e-01
1.577611269699348562e-01
1.581248039270383432e-01
1.584893192461113431e-01
1.588546748597779168e-01
1.592208727051170059e-01
1.595879147236732853e-01
1.599558028614668781e-01
1.603245390690041794e-01
1.606941253012877102e-01
1.610645635178270807e-01
1.614358556826486213e-01
1.618080037643065683e-01
1.621810097358929725e-01
1.625548755750483854e-01
1.629296032639722391e-01
1.633051947894334222e-01
1.636816521427808535e-01
1.640589773199539192e-01
1.644371723214931580e-01
1.648162391525508086e-01
1.651961798229014955e-01
1.655769963469528039e-01
1.659586907437560488e-01
1.663412650370169332e-01
1.667247212551062618e-01
1.671090614310707378e-01
1.674942876026437322e-01
1.678804018122560249e-01
1.682674061070467408e-01
1.686553025388741189e-01
1.690440931643264200e-01
1.694337800447328346e-01
1.698243652461744191e-01
1.702158508394950587e-01
1.706082389003123478e-01
1.710015315090287480e-01
1.713957307508425232e-01
1.717908387157588146e-01
1.721868574986006872e-01
1.725837891990203432e-01
1.729816359215101407e-01
1.733803997754137793e-01
1.737800828749375415e-01
1.741806873391614219e-01
1.745822152920503689e-01
1.749846688624656921e-01
1.753880501841761086e-01
1.757923613958692621e-01
1.761976046411629082e-01
1.766037820686164328e-01
1.770108958317421211e-01
1.774189480890165649e-01
1.778279410038922925e-01
1.782378767448089540e-01
1.786487574852050619e-01
1.790605854035294264e-01
1.794733626832526463e-01
1.798870915128787940e-01
1.803017740859569062e-01
1.807174126010926973e-01
1.811340092619602438e-01
1.815515662773135586e-01
1.819700858609983596e-01
1.823895702319637824e-01
1.828100216142742873e-01
1.832314422371211504e-01
1.836538343348346480e-01
1.840772001468955754e-01
1.845015419179473759e-01
1.849268618978078260e-01
1.853531623414811369e-01
1.857804455091698614e-01
1.862087136662867459e-01
1.866379690834669980e-01
1.870682140365800550e-01
1.874994508067418797e-01
1.879316816803268397e-01
1.883649089489800588e-01
1.887991349096293514e-01
1.892343618644975467e-01
1.896705921211146451e-01
1.901078279923300030e-01
1.905460717963247397e-01
1.909853258566238110e-01
1.914255925021085825e-01
1.918668740670289585e-01
1.923091728910158449e-01
1.927524913190936107e-01
1.931968317016924119e-01
1.936421963946607372e-01
1.940885877592778419e-01
1.945360081622662385e-01
1.949844599758045471e-01
1.954339455775394307e-01
1.958844673505990008e-01
1.963360276836046414e-01
1.967886289706844982e-01
1.972422736114853303e-01
1.976969640111860826e-01
1.981527025805097930e-01
1.986094917357371648e-01
1.990673338987186403e-01
1.995262314968879735e-01
1.999861869632743872e-01
2.004472027365161446e-01
2.009092812608727907e-01
2.013724249862388349e-01
2.018366363681560749e-01
2.023019178678271968e-01
2.027682719521281818e-01
2.032357010936221842e-01
2.037042077705717991e-01
2.041737944669529681e-01
2.046444636724673860e-01
2.051162178825565729e-01
2.055890595984141422e-01
2.060629913270000668e-01
2.065380155810529195e-01
2.070141348791042502e-01
2.074913517454909651e-01
2.079696687103695929e-01
2.084490883097288583e-01
2.089296130854039757e-01
2.094112455850892507e-01
2.098939883623524572e-01
2.103778439766475217e-01
2.108628149933289841e-01
2.113489039836646544e-01
2.118361135248502114e-01
2.123244462000219157e-01
2.128139045982712363e-01
2.133044913146576183e-01
2.137962089502232488e-01
2.142890601120058525e-01
2.147830474130534295e-01
2.152781734724372731e-01
2.157744409152666798e-01
2.162718523727020226e-01
2.167704104819695166e-01
2.172701178863744309e-01
2.177709772353159101e-01
2.182729911843001303e-01
2.187761623949552869e-01
2.192804935350448625e-01
2.197859872784825308e-01
2.202926463053455908e-01
2.208004733018900378e-01
2.213094709605637478e-01
2.218196419800219366e-01
2.223309890651402887e-01
2.228435149270304172e-01
2.233572222830531584e-01
2.238721138568340041e-01
2.243881923782766186e-01
2.249054605835781040e-01
2.254239212152429339e-01
2.259435770220977469e-01
2.264644307593059458e-01
2.269864851883821866e-01
2.275097430772070606e-01
2.280342072000418052e-01
2.285598803375429866e-01
2.290867652767772933e-01
2.296148648112361912e-01
2.301441817408508284e-01
2.306747188720069119e-01
2.312064790175594742e-01
2.317394649968478604e-01
2.322736796357106892e-01
2.328091257665007852e-01
2.333458062281002776e-01
2.338837238659354778e-01
2.344228815319921999e-01
2.349632820848307213e-01
2.355049283896009649e-01
2.360478233180577090e-01
2.365919697485758255e-01
2.371373705661655173e-01
2.376840286624876675e-01
2.382319469358690212e-01
2.387811282913177569e-01
2.393315756405387518e-01
2.398832919019490417e-01
2.404362800006933365e-01
2.409905428686594797e-01
2.415460834444940474e-01
2.421029046736178081e-01
2.426610095082415430e-01
2.432204009073815343e-01
2.437810818368752463e-01
2.443430552693972024e-01
2.449063241844745553e-01
2.454708915685030468e-01
2.460367604147627452e-01
2.466039337234339213e-01
2.471724145016130358e-01
2.477422057633285601e-01
2.483133105295570464e-01
2.488857318282390874e-01
2.494594726942954699e-01
2.500345361696431623e-01
2.506109253032113848e-01
2.511886431509580131e-01
2.517676927758855654e-01
2.523480772480574674e-01
2.529297996446144836e-01
2.535128630497907598e-01
2.540972705549305322e-01
2.546830252585041143e-01
2.552701302661247174e-01
2.558585886905646034e-01
2.564484036517717391e-01
2.570395782768863935e-01
2.576321157002575690e-01
2.582260190634596553e-01
2.588212915153091931e-01
2.594179362118814169e-01
2.600159563165271859e-01
2.606153549998895813e-01
2.612161354399206714e-01
2.618183008218984975e-01
2.624218543384441715e-01
2.630267991895381408e-01
2.636331385825380069e-01
2.642408757321946244e-01
2.648500138606700860e-01
2.654605561975538763e-01
2.660725059798809689e-01
2.666858664521479239e-01
2.673006408663311517e-01
2.679168324819031222e-01
2.685344445658507384e-01
2.691534803926915465e-01
2.697739432444920538e-01
2.703958364108843271e-01
2.710191631890843111e-01
2.716439268839082044e-01
2.722701308077912774e-01
2.728977782808040264e-01
2.735268726306712694e-01
2.741574171927882442e-01
2.747894153102397041e-01
2.754228703338166273e-01
2.760577856220346460e-01
2.766941645411511441e-01
2.773320104651840756e-01
2.779713267759288398e-01
2.786121168629770994e-01
2.792543841237337676e-01
2.798981319634363252e-01
2.805433637951713077e-01
2.811900830398940676e-01
2.818382931264453717e-01
2.824879974915707748e-01
2.831391995799378836e-01
2.837919028441556746e-01
2.844461107447915360e-01
2.851018267503909742e-01
2.857590543374946557e-01
2.864177969906581134e-01
2.870780582024690664e-01
2.877398414735669596e-01
2.884031503126605611e-01
2.890679882365476128e-01
2.897343587701322609e-01
2.904022654464450959e-01
2.910717118066605269e-01
2.917427014001167662e-01
2.924152377843335371e-01
2.930893245250321133e-01
2.937649651961530828e-01
2.944421633798761651e-01
2.951209226666385299e-01
2.958012466551546704e-01
2.964831389524342220e-01
2.971666031738026681e-01
2.978516429429189372e-01
2.985382618917959974e-01
2.992264636608188977e-01
2.999162518987651405e-01
3.006076302628230557e-01
3.013006024186121734e-01
3.019951720402015982e-01
3.026913428101305481e-01
3.033891184194270618e-01
3.040885025676279274e-01
3.047894989627982776e-01
3.054921113215512962e-01
3.061963433690677028e-01
3.069021988391157363e-01
3.076096814740708063e-01
3.083187950249354214e-01
3.090295432513590623e-01
3.097419299216579991e-01
3.104559588128355530e-01
3.111716337106017471e-01
3.118889584093936795e-01
3.126079367123955066e-01
3.133285724315585385e-01
3.140508693876217228e-01
3.147748314101315725e-01
3.155004623374626505e-01
3.162277660168379412e-01
3.169567463043491129e-01
3.176874070649770565e-01
3.184197521726124802e-01
3.191537855100761711e-01
3.198895109691398120e-01
3.206269324505465756e-01
3.213660538640317199e-01
3.221068791283434596e-01
3.228494121712635612e-01
3.235936569296282705e-01
3.243396173493492407e-01
3.250872973854344039e-01
3.258367010020087884e-01
3.265878321723358346e-01
3.273406948788382120e-01
3.280952931131190242e-01
3.288516308759830697e-01
3.296097121774577698e-01
3.303695410368148178e-01
3.311311214825911065e-01
3.318944575526103780e-01
3.326595532940045397e-01
3.334264127632349806e-01
3.341950400261142762e-01
3.349654391578276713e-01
3.357376142429546739e-01
3.365115693754907600e-01
3.372873086588689118e-01
3.380648362059816003e-01
3.388441561392025458e-01
3.396252725904084224e-01
3.404081897010008961e-01
3.411929116219285518e-01
3.419794425137088756e-01
3.427677865464504037e-01
3.435579478998746494e-01
3.443499307633385298e-01
3.451437393358562922e-01
3.459393778261219965e-01
3.467368504525316641e-01
3.475361614432058710e-01
3.483373150360118409e-01
3.491403154785861496e-01
3.499451670283573179e-01
3.507518739525680163e-01
3.515604405282981570e-01
3.523708710424871549e-01
3.531831697919570190e-01
3.539973410834347245e-01
3.548133892335754713e-01
3.556313185689853884e-01
3.564511334262442932e-01
3.572728381519289509e-01
3.580964371026360560e-01
3.589219346450052694e-01
3.597493351557423669e-01
3.605786430216424421e-01
3.614098626396133329e-01
3.622429984166986583e-01
3.630780547701014105e-01
3.639150361272071588e-01
3.647539469256078637e-01
3.655947916131249698e-01
3.664375746478333307e-01
3.672823004980846906e-01
3.681289736425314985e-01
3.689775985701503891e-01
3.698281797802662751e-01
3.706807217825760503e-01
3.715352290971725702e-01
3.723917062545685774e-01
3.732501577957206274e-01
3.741105882720534015e-01
3.749730022454835776e-01
3.758374042884441990e-01
3.767037989839089329e-01
3.775721909254159958e-01
3.784425847170932444e-01
3.793149849736818791e-01
3.801893963205611460e-01
3.810658233937729844e-01
3.819442708400465070e-01
3.828247433168226466e-01
3.837072454922787479e-01
3.845917820453535474e-01
3.854783576657717648e-01
3.863669770540691384e-01
3.872576449216171834e-01
3.881503659906482273e-01
3.890451449942805562e-01
3.899419866765433951e-01
3.908408957924019989e-01
3.917418771077830764e-01
3.926449353995998259e-01
3.935500754557774150e-01
3.944573020752784043e-01
3.953666200681278942e-01
3.962780342554394486e-01
3.971915494694402970e-01
3.981071705534972027e-01
3.990249023621420532e-01
3.999447497610974511e-01
4.008667176273028043e-01
4.017908108489399166e-01
4.027170343254590779e-01
4.036453929676049324e-01
4.045758916974426800e-01
4.055085354483838334e-01
4.064433291652127522e-01
4.073802778041127337e-01
4.083193863326921025e-01
4.092606597300108562e-01
4.102041029866068111e-01
4.111497211045222477e-01
4.120975190973302227e-01
4.130475019901613809e-01
4.139996748197304344e-01
4.149540426343629185e-01
4.159106104940220594e-01
4.168693834703354195e-01
4.178303666466217647e-01
4.187935651179183760e-01
4.197589839910075282e-01
4.207266283844440791e-01
4.216965034285822256e-01
4.226686142656029821e-01
4.236429660495411031e-01
4.246195639463128946e-01
4.255984131337430809e-01
4.265795188015926720e-01
4.275628861515862189e-01
4.285485203974395141e-01
4.295364267648872914e-01
4.305266104917106484e-01
4.315190768277652467e-01
4.325138310350087334e-01
4.335108783875288863e-01
4.345102241715715352e-01
4.355118736855685957e-01
4.365158322401659907e-01
4.375221051582520726e-01
4.385306977749857116e-01
4.395416154378244955e-01
4.405548635065533181e-01
4.415704473533125229e-01
4.425883723626265476e-01
4.436086439314325669e-01
4.446312674691086930e-01
4.456562483975032851e-01
4.466835921509631491e-01
4.477133041763625698e-01
4.487453899331321772e-01
4.497798548932879781e-01
4.508167045414601670e-01
4.518559443749223803e-01
4.528975799036207839e-01
4.539416166502032168e-01
4.549880601500486121e-01
4.560369159512961956e-01
4.570881896148750734e-01
4.581418867145334861e-01
4.591980128368686187e-01
4.602565735813560766e-01
4.613175745603794176e-01
4.623810213992603502e-01
4.634469197362880433e-01
4.645152752227494353e-01
4.655860935229589881e-01
4.666593803142886632e-01
4.677351412871982306e-01
4.688133821452652450e-01
4.698941086052154659e-01
4.709773263969529444e-01
4.720630412635905548e-01
4.731512589614805253e-01
4.742419852602446917e-01
4.753352259428053617e-01
4.764309868054157349e-01
4.775292736576909336e-01
4.786300923226384230e-01
4.797334486366891526e-01
4.808393484497285875e-01
4.819477976251274054e-01
4.830588020397726945e-01
4.841723675840994279e-01
4.852885001621211059e-01
4.864072056914616748e-01
4.875284901033863916e-01
4.886523593428336310e-01
4.897788193684462499e-01
4.909078761526031731e-01
4.920395356814509791e-01
4.931738039549359298e-01
4.943106869868355013e-01
4.954501908047903025e-01
4.965923214503361605e-01
4.977370849789360396e-01
4.988844874600122936e-01
5.000345349769785841e-01
5.011872336272723549e-01
5.023425895223871951e-01
5.035006087879049241e-01
5.046612975635283993e-01
5.058246620031140450e-01
5.069907082747042715e-01
5.081594425605604481e-01
5.093308710571953224e-01
5.105049999754062151e-01
5.116818355403076612e-01
5.128613839913648276e-01
5.140436515824260422e-01
5.152286445817564342e-01
5.164163692720709076e-01
5.176068319505676696e-01
5.188000389289610936e-01
5.199959965335159140e-01
5.211947111050804216e-01
5.223961889991197705e-01
5.236004365857501730e-01
5.248074602497725394e-01
5.260172663907061175e-01
5.272298614228226876e-01
5.284452517751804246e-01
5.296634438916577592e-01
5.308844442309883505e-01
5.321082592667941702e-01
5.333348954876209191e-01
5.345643593969716667e-01
5.357966575133416010e-01
5.370317963702526676e-01
5.382697825162883198e-01
5.395106225151276025e-01
5.407543229455807898e-01
5.420008904016238027e-01
5.432503314924331805e-01
5.445026528424211643e-01
5.457578610912708905e-01
5.470159628939715857e-01
5.482769649208537599e-01
5.495408738576245122e-01
5.508076964054033908e-01
5.520774392807573649e-01
5.533501092157366852e-01
5.546257129579107437e-01
5.559042572704036012e-01
5.571857489319298473e-01
5.584701947368307939e-01
5.597576014951101131e-01
5.610479760324704745e-01
5.623413251903490728e-01
5.636376558259544867e-01
5.649369748123025392e-01
5.662392890382532684e-01
5.675446054085471204e-01
5.688529308438414755e-01
5.701642722807475083e-01
5.714786366718670463e-01
5.727960309858292076e-01
5.741164622073275936e-01
5.754399373371569260e-01
5.767664633922507944e-01
5.780960474057180720e-01
5.794286964268811069e-01
5.807644175213120263e-01
5.821032177708714839e-01
5.834451042737447413e-01
5.847900841444807485e-01
5.861381645140287810e-01
5.874893525297767427e-01
5.888436553555890240e-01
5.902010801718443611e-01
5.915616341754740271e-01
5.929253245799998018e-01
5.942921586155727187e-01
5.956621435290104793e-01
5.970352865838368661e-01
5.984115950603197120e-01
5.997910762555094255e-01
6.011737374832780700e-01
6.025595860743577781e-01
6.039486293763798308e-01
6.053408747539136270e-01
6.067363295885054297e-01
6.081350012787178905e-01
6.095368972401692398e-01
6.109420249055720342e-01
6.123503917247735684e-01
6.137620051647942887e-01
6.151768727098682055e-01
6.165950018614821948e-01
6.180164001384159667e-01
6.194410750767814777e-01
6.208690342300635656e-01
6.223002851691595838e-01
6.237348354824192587e-01
6.251726927756858787e-01
6.266138646723354855e-01
6.280583588133179518e-01
6.295061828571976159e-01
6.309573444801933606e-01
6.324118513762194693e-01
6.338697112569270375e-01
6.353309318517437188e-01
6.367955209079159129e-01
6.382634861905487345e-01
6.397348354826482009e-01
6.412095765851616447e-01
6.426877173170196800e-01
6.441692655151773916e-01
6.456542290346556356e-01
6.471426157485832276e-01
6.486344335482384649e-01
6.501296903430907603e-01
6.516283940608427194e-01
6.531305526474724399e-01
6.546361740672750340e-01
6.561452663029054833e-01
6.576578373554206047e-01
6.591738952443214616e-01
6.606934480075961069e-01
6.622165037017619937e-01
6.637430704019089411e-01
6.652731562017414335e-01
6.668067692136222524e-01
6.683439175686146649e-01
6.698846094165264997e-01
6.714288529259524463e-01
6.729766562843179090e-01
6.745280276979220835e-01
6.760829753919819218e-01
6.776415076106752089e-01
6.792036326171846383e-01
6.807693586937414443e-01
6.823386941416695883e-01
6.839116472814292802e-01
6.854882264526614977e-01
6.870684400142320625e-01
6.886522963442760492e-01
6.902398038402418612e-01
6.918309709189364165e-01
6.934258060165691129e-01
6.950243175887967917e-01
6.966265141107687020e-01
6.982324040771713536e-01
6.998419960022734809e-01
7.014552984199712293e-01
7.030723198838334520e-01
7.046930689671468961e-01
7.063175542629619441e-01
7.079457843841379105e-01
7.095777679633887836e-01
7.112135136533289659e-01
7.128530301265194602e-01
7.144963260755132772e-01
7.161434102129019541e-01
7.177942912713617396e-01
7.194489780036994464e-01
7.211074791828996355e-01
7.227698036021702466e-01
7.244359600749900041e-01
7.261059574351547141e-01
7.277798045368240043e-01
7.294575102545687306e-01
7.311390834834173846e-01
7.328245331389040551e-01
7.345138681571149464e-01
7.362070974947361179e-01
7.379042301291010020e-01
7.396052750582378099e-01
7.413102413009174940e-01
7.430191378967013760e-01
7.447319739059889976e-01
7.464487584100665263e-01
7.481695005111543839e-01
7.498942093324558744e-01
7.516228940182054785e-01
7.533555637337173705e-01
7.550922276654339349e-01
7.568328950209743944e-01
7.585775750291837705e-01
7.603262769401818444e-01
7.620790100254120070e-01
7.638357835776906635e-01
7.655966069112563055e-01
7.673614893618189159e-01
7.691304402866095957e-01
7.709034690644300802e-01
7.726805850957023658e-01
7.744617978025187810e-01
7.762471166286917246e-01
7.780365510398040696e-01
7.798301105232587904e-01
7.816278045883296999e-01
7.834296427662118534e-01
7.852356346100718421e-01
7.870457896950986409e-01
7.888601176185544572e-01
7.906786279998251343e-01
7.925013304804717773e-01
7.943282347242814900e-01
7.961593504173187785e-01
7.979946872679766212e-01
7.998342550070284274e-01
8.016780633876791073e-01
8.035261221856172531e-01
8.053784411990666525e-01
8.072350302488382479e-01
8.090958991783823162e-01
8.109610578538408721e-01
8.128305161640992926e-01
8.147042840208396086e-01
8.165823713585924626e-01
8.184647881347899556e-01
8.203515443298182719e-01
8.222426499470711914e-01
8.241381150130023814e-01
8.260379495771787983e-01
8.279421637123342004e-01
8.298507675144225493e-01
8.317637711026710789e-01
8.336811846196343634e-01
8.356030182312480514e-01
8.375292821268826016e-01
8.394599865193974608e-01
8.413951416451951326e-01
8.433347577642754667e-01
8.452788451602899489e-01
8.472274141405965464e-01
8.491804750363138865e-01
8.511380382023765456e-01
8.531001140175895614e-01
8.550667128846833887e-01
8.570378452303697436e-01
8.590135215053957829e-01
8.609937521846007247e-01
8.629785477669703608e-01
8.649679187756933452e-01
8.669618757582167046e-01
8.689604292863019053e-01
8.709635899560808081e-01
8.729713683881117348e-01
8.749837752274362002e-01
8.770008211436348677e-01
8.790225168308845038e-01
8.810488730080142661e-01
8.830799004185628798e-01
8.851156098308355924e-01
8.871560120379610170e-01
8.892011178579485309e-01
8.912509381337456738e-01
8.933054837332954357e-01
8.953647655495939883e-01
8.974287945007486389e-01
8.994975815300353394e-01
9.015711376059570847e-01
9.036494737223016438e-01
9.057326008982002907e-01
9.078205301781858694e-01
9.099132726322517462e-01
9.120108393559096527e-01
9.141132414702501929e-01
9.162204901219996867e-01
9.183325964835807875e-01
9.204495717531712140e-01
9.225714271547631462e-01
9.246981739382225118e-01
9.268298233793491603e-01
9.289663867799362595e-01
9.311078754678302483e-01
9.332543007969910098e-01
9.354056741475518244e-01
9.375620069258802092e-01
9.397233105646377593e-01
9.418895965228413214e-01
9.440608762859232783e-01
9.462371613657929448e-01
9.484184633008970744e-01
9.506047936562814771e-01
9.527961640236518592e-01
9.549925860214358853e-01
9.571940712948443508e-01
9.594006315159331333e-01
9.616122783836645871e-01
9.638290236239704933e-01
9.660508789898133442e-01
9.682778562612490703e-01
9.705099672454896576e-01
9.727472237769650976e-01
9.749896377173868922e-01
9.772372209558106704e-01
9.794899854086988045e-01
9.817479430199843593e-01
9.840111057611337086e-01
9.862794856312104841e-01
9.885530946569388577e-01
9.908319448927676021e-01
9.931160484209338168e-01
9.954054173515269888e-01
9.977000638225532736e-01
1.000000000000000000e+00
1.001920663025713365e+00
1.003845014997885032e+00
1.005773063001738299e+00
1.007704814136104243e+00
1.009640275513448815e+00
1.011579454259898592e+00
1.013522357515266759e+00
1.015468992433080198e+00
1.017419366180604801e+00
1.019373485938872781e+00
1.021331358902707986e+00
1.023292992280754099e+00
1.025258393295499282e+00
1.027227569183304379e+00
1.029200527194428227e+00
1.031177274593055193e+00
1.033157818657322036e+00
1.035142166679343889e+00
1.037130325965241573e+00
1.039122303835169125e+00
1.041118107623339561e+00
1.043117744678052405e+00
1.045121222361721003e+00
1.047128548050899610e+00
1.049139729136309818e+00
1.051154773022868971e+00
1.053173687129716152e+00
1.055196478890240375e+00
1.057223155752107902e+00
1.059253725177288885e+00
1.061288194642086014e+00
1.063326571637161155e+00
1.065368863667563337e+00
1.067415078252755833e+00
1.069465222926644810e+00
1.071519305237606412e+00
1.073577332748514301e+00
1.075639313036768518e+00
1.077705253694321907e+00
1.079775162327709648e+00
1.081849046558076122e+00
1.083926914021203558e+00
1.086008772367539565e+00
1.088094629262226443e+00
1.090184492385127601e+00
1.092278369430857987e+00
1.094376268108810280e+00
1.096478196143185091e+00
1.098584161273018056e+00
1.100694171252209586e+00
1.102808233849551955e+00
1.104926356848759061e+00
1.107048548048494618e+00
1.109174815262401026e+00
1.111305166319128013e+00
1.113439609062361502e+00
1.115578151350852254e+00
1.117720801058445623e+00
1.119867566074109311e+00
1.122018454301963342e+00
1.124173473661309375e+00
1.126332632086658458e+00
1.128495937527761672e+00
1.130663397949638993e+00
1.132835021332608383e+00
1.135010815672315099e+00
1.137190788979761669e+00
1.139374949281336979e+00
1.141563304618845587e+00
1.143755863049538357e+00
1.145952632646140446e+00
1.148153621496882826e+00
1.150358837705530712e+00
1.152568289391414424e+00
1.154781984689458252e+00
1.156999931750211097e+00
1.159222138739876673e+00
1.161448613840342814e+00
1.163679365249211894e+00
1.165914401179831694e+00
1.168153729861324708e+00
1.170397359538618343e+00
1.172645298472476894e+00
1.174897554939529520e+00
1.177154137232302888e+00
1.179415053659250479e+00
1.181680312544783673e+00
1.183949922229301954e+00
1.186223891069223990e+00
1.188502227437018499e+00
1.190784939721234670e+00
1.193072036326533691e+00
1.195363525673718508e+00
1.197659416199766458e+00
1.199959716357858808e+00
1.202264434617412947e+00
1.204573579464112809e+00
1.206887159399940623e+00
1.209205182943208445e+00
1.211527658628588577e+00
1.213854595007145543e+00
1.216186000646368059e+00
1.218521884130199684e+00
1.220862254059071228e+00
1.223207119049931624e+00
1.225556487736280120e+00
1.227910368768198479e+00
1.230268770812381618e+00
1.232631702552170694e+00
1.234999172687584856e+00
1.237371189935352556e+00
1.239747763028944405e+00
1.242128900718604934e+00
1.244514611771385004e+00
1.246904904971174455e+00
1.249299789118733184e+00
1.251699273031725124e+00
1.254103365544749549e+00
1.256512075509373938e+00
1.258925411794167282e+00
1.261343383284731390e+00
1.263765998883734420e+00
1.266193267510944187e+00
1.268625198103259688e+00
1.271061799614744858e+00
1.273503081016661653e+00
1.275949051297502468e+00
1.278399719463023665e+00
1.280855094536278660e+00
1.283315185557651006e+00
1.285780001584888144e+00
1.288249551693134043e+00
1.290723844974962731e+00
1.293202890540412930e+00
1.295686697517019370e+00
1.298175275049849198e+00
1.300668632301532623e+00
1.303166778452299335e+00
1.305669722700010693e+00
1.308177474260194151e+00
1.310690042366076780e+00
1.313207436268620132e+00
1.315729665236553103e+00
1.318256738556407237e+00
1.320788665532549810e+00
1.323325455487219582e+00
1.325867117760559211e+00
1.328413661710651006e+00
1.330965096713551343e+00
1.333521432163323972e+00
1.336082677472076430e+00
1.338648842069993350e+00
1.341219935405371100e+00
1.343795966944653975e+00
1.346376946172467282e+00
1.348962882591653534e+00
1.351553785723307088e+00
1.354149665106808786e+00
1.356750530299861701e+00
1.359356390878525556e+00
1.361967256437253360e+00
1.364583136588924495e+00
1.367204040964882905e+00
1.369829979214970184e+00
1.372460961007561986e+00
1.375096996029604224e+00
1.377738093986647927e+00
1.380384264602884770e+00
1.383035517621184152e+00
1.385691862803127616e+00
1.388353309929045487e+00
1.391019868798052839e+00
1.393691549228085913e+00
1.396368361055937646e+00
1.399050314137293860e+00
1.401737418346769903e+00
1.404429683577947507e+00
1.407127119743410093e+00
1.409829736774779851e+00
1.412537544622754382e+00
1.415250553257143329e+00
1.417968772666904576e+00
1.420692212860181991e+00
1.423420883864341624e+00
1.426154795726008118e+00
1.428893958511102902e+00
1.431638382304880386e+00
1.434388077211965484e+00
1.437143053356390698e+00
1.439903320881633197e+00
1.442668889950652344e+00
1.445439770745927444e+00
1.448215973469494822e+00
1.450997508342985354e+00
1.453784385607661767e+00
1.456576615524457941e+00
1.459374208374014437e+00
1.462177174456718243e+00
1.464985524092739189e+00
1.467799267622069692e+00
1.470618415404560508e+00
1.473442977819961142e+00
1.476272965267957149e+00
1.479108388168207444e+00
1.481949256960384709e+00
1.484795582104212031e+00
1.487647374079501983e+00
1.490504643386196149e+00
1.493367400544401979e+00
1.496235656094433430e+00
1.499109420596848041e+00
1.501988704632486904e+00
1.504873518802513743e+00
1.507763873728452886e+00
1.510659780052229451e+00
1.513561248436208206e+00
1.516468289563232208e+00
1.519380914136663208e+00
1.522299132880420069e+00
1.525222956539018959e+00
1.528152395877612646e+00
1.531087461682030249e+00
1.534028164758816315e+00
1.536974515935271457e+00
1.539926526059492096e+00
1.542884206000409764e+00
1.545847566647831961e+00
1.548816618912481458e+00
1.551791373726037149e+00
1.554771842041173580e+00
1.557758034831602245e+00
1.560749963092111336e+00
1.563747637838605931e+00
1.566751070108149069e+00
1.569760270959002835e+00
1.572775251470667435e+00
1.575796022743924274e+00
1.578822595900874814e+00
1.581854982084982320e+00
1.584893192461113598e+00
1.587937238215578306e+00
1.590987130556172469e+00
1.594042880712217558e+00
1.597104499934603128e+00
1.600171999495828112e+00
1.603245390690041461e+00
1.606324684833085215e+00
1.609409893262534919e+00
1.612501027337741588e+00
1.615598098439874120e+00
1.618701117971960368e+00
1.621810097358930003e+00
1.624925048047656029e+00
1.628045981506996531e+00
1.631172909227838419e+00
1.634305842723137614e+00
1.637444793527963238e+00
1.640589773199539358e+00
1.643740793317287174e+00
1.646897865482868539e+00
1.650061001320227705e+00
1.653230212475635064e+00
1.656405510617729337e+00
1.659586907437560654e+00
1.662774414648634069e+00
1.665968043986951974e+00
1.669167807211057619e+00
1.672373716102079078e+00
1.675585782463771212e+00
1.678804018122560304e+00
1.682028434927587579e+00
1.685259044750751389e+00
1.688495859486753181e+00
1.691738891053139682e+00
1.694988151390346642e+00
1.698243652461744357e+00
1.701505406253680075e+00
1.704773424775523072e+00
1.708047720059708174e+00
1.711328304161780833e+00
1.714615189160441311e+00
1.717908387157588201e+00
1.721207910278364617e+00
1.724513770671201707e+00
1.727825980507863513e+00
1.731144551983491819e+00
1.734469497316651898e+00
1.737800828749375581e+00
1.741138558547208559e+00
1.744482698999253900e+00
1.747833262418218681e+00
1.751190261140457283e+00
1.754553707526019135e+00
1.757923613958692677e+00
1.761299992846051543e+00
1.764682856619500306e+00
1.768072217734319551e+00
1.771468088669712948e+00
1.774870481928852106e+00
1.778279410038922759e+00
1.781694885551172058e+00
1.785116921040952986e+00
1.788545529107771426e+00
1.791980722375333679e+00
1.795422513491591321e+00
1.798870915128787829e+00
1.802325939983506986e+00
1.805787600776717516e+00
1.809255910253820820e+00
1.812730881184698939e+00
1.816212526363758961e+00
1.819700858609983429e+00
1.823195890766974747e+00
1.826697635703003142e+00
1.830206106311056180e+00
1.833721315508882732e+00
1.837243276239042933e+00
1.840772001468955921e+00
1.844307504190945801e+00
1.847849797422290941e+00
1.851398894205271928e+00
1.854954807607218648e+00
1.858517550720559131e+00
1.862087136662867515e+00
1.865663578576912451e+00
1.869246889630705066e+00
1.872837083017548698e+00
1.876434171956085528e+00
1.880038169690346539e+00
1.883649089489800588e+00
1.887266944649402367e+00
1.890891748489641477e+00
1.894523514356592164e+00
1.898162255621961503e+00
1.901807985683139135e+00
1.905460717963247230e+00
1.909120465911188447e+00
1.912787243001696780e+00
1.916461062735386411e+00
1.920141938638801671e+00
1.923829884264466772e+00
1.927524913190936218e+00
1.931227039022843206e+00
1.934936275390952476e+00
1.938652635952207381e+00
1.942376134389782516e+00
1.946106784413133228e+00
1.949844599758045582e+00
1.953589594186687428e+00
1.957341781487660359e+00
1.961101175476047676e+00
1.964867789993467451e+00
1.968641638908123159e+00
1.972422736114853858e+00
1.976211095535185924e+00
1.980006731117385010e+00
1.983809656836506008e+00
1.987619886694444782e+00
1.991437434719991462e+00
1.995262314968879735e+00
1.999094541523839696e+00
2.002934128494650245e+00
2.006781090018189051e+00
2.010635440258487616e+00
2.014497193406781239e+00
2.018366363681560749e+00
2.022242965328627573e+00
2.026127012621143475e+00
2.030018519859683845e+00
2.033917501372291881e+00
2.037823971514529209e+00
2.041737944669529181e+00
2.045659435248052382e+00
2.049588457688535037e+00
2.053525026457146296e+00
2.057469156047839309e+00
2.061420860982406289e+00
2.065380155810529583e+00
2.069347055109836742e+00
2.073321573485955138e+00
2.077303725572563486e+00
2.081293526031447350e+00
2.085290989552552876e+00
2.089296130854039646e+00
2.093308964682337070e+00
2.097329505812196793e+00
2.101357769046747759e+00
2.105393769217551725e+00
2.109437521184655218e+00
2.113489039836646821e+00
2.117548340090711800e+00
2.121615436892684503e+00
2.125690345217106980e+00
2.129773080067281388e+00
2.133863656475326387e+00
2.137962089502232210e+00
2.142068394237916173e+00
2.146182585801277742e+00
2.150304679340256708e+00
2.154434690031883814e+00
2.158572633082342040e+00
2.162718523727020337e+00
2.166872377230568247e+00
2.171034208886954531e+00
2.175204034019522670e+00
2.179381867981046828e+00
2.183567726153787802e+00
2.187761623949552536e+00
2.191963576809747405e+00
2.196173600205435950e+00
2.200391709637398829e+00
2.204617920636185335e+00
2.208852248762176451e+00
2.213094709605637700e+00
2.217345318786779540e+00
2.221604091955811544e+00
2.225871044793005016e+00
2.230146193008744504e+00
2.234429552343592196e+00
2.238721138568339875e+00
2.243020967484070649e+00
2.247329054922217573e+00
2.251645416744617823e+00
2.255970068843576204e+00
2.260303027141920218e+00
2.264644307593060013e+00
2.268993926181046117e+00
2.273351898920630276e+00
2.277718241857322301e+00
2.282092971067450460e+00
2.286476102658220100e+00
2.290867652767773155e+00
2.295267637565246766e+00
2.299676073250835007e+00
2.304092976055845732e+00
2.308518362242761857e+00
2.312952248105302200e+00
2.317394649968478770e+00
2.321845584188658940e+00
2.326305067153626283e+00
2.330773115282637864e+00
2.335249745026487744e+00
2.339734972867566931e+00
2.344228815319922443e+00
2.348731288929319039e+00
2.353242410273301832e+00
2.357762195961254026e+00
2.362290662634461746e+00
2.366827826966171777e+00
2.371373705661655062e+00
2.375928315458268436e+00
2.380491673125515018e+00
2.385063795465105496e+00
2.389644699311022968e+00
2.394234401529582001e+00
2.398832919019490362e+00
2.403440268711915628e+00
2.408056467570541148e+00
2.412681532591633538e+00
2.417315480804103967e+00
2.421958329269568999e+00
2.426610095082415430e+00
2.431270795369863347e+00
2.435940447292026967e+00
2.440619068041980366e+00
2.445306674845819650e+00
2.450003284962726458e+00
2.454708915685030579e+00
2.459423584338275681e+00
2.464147308281281923e+00
2.468880104906208572e+00
2.473621991638621509e+00
2.478372985937553175e+00
2.483133105295570520e+00
2.487902367238836732e+00
2.492680789327176960e+00
2.497468389154143598e+00
2.502265184347080229e+00
2.507071192567185136e+00
2.511886431509580131e+00
2.516710918903371841e+00
2.521544672511718765e+00
2.526387710131896558e+00
2.531240049595363750e+00
2.536101708767826146e+00
2.540972705549305211e+00
2.545853057874200687e+00
2.550742783711358985e+00
2.555641901064138466e+00
2.560550427970476495e+00
2.565468382502953837e+00
2.570395782768863935e+00
2.575332646910277745e+00
2.580278993104110796e+00
2.585234839562191134e+00
2.590200204531324157e+00
2.595175106293362344e+00
2.600159563165272303e+00
2.605153593499198728e+00
2.610157215682536780e+00
2.615170448137997372e+00
2.620193309323674224e+00
2.625225817733114031e+00
2.630267991895382185e+00
2.635319850375132944e+00
2.640381411772676934e+00
2.645452694724049536e+00
2.650533717901079722e+00
2.655624500011459332e+00
2.660725059798809689e+00
2.665835416042754424e+00
2.670955587558984767e+00
2.676085593199332369e+00
2.681225451851834141e+00
2.686375182440807752e+00
2.691534803926916020e+00
2.696704335307238853e+00
2.701883795615344752e+00
2.707073203921357418e+00
2.712272579332028144e+00
2.717481940990807754e+00
2.722701308077912774e+00
2.727930699810399151e+00
2.733170135442233750e+00
2.738419634264361857e+00
2.743679215604780453e+00
2.748948898828611043e+00
2.754228703338166273e+00
2.759518648573026756e+00
2.764818754010107682e+00
2.770129039163733431e+00
2.775449523585710399e+00
2.780780226865395388e+00
2.786121168629770217e+00
2.791472368543514992e+00
2.796833846309077387e+00
2.802205621666746804e+00
2.807587714394728096e+00
2.812980144309213504e+00
2.818382931264453717e+00
2.823796095152835139e+00
2.829219655904949171e+00
2.834653633489667257e+00
2.840098047914215051e+00
2.845552919224244803e+00
2.851018267503909520e+00
2.856494112875937574e+00
2.861980475501706422e+00
2.867477375581315879e+00
2.872984833353664946e+00
2.878502869096522865e+00
2.884031503126605944e+00
2.889570755799653945e+00
2.895120647510500689e+00
2.900681198693153995e+00
2.906252429820865846e+00
2.911834361406212324e+00
2.917427014001166885e+00
2.923030408197176744e+00
2.928644564625236590e+00
2.934269503955968972e+00
2.939905246899695346e+00
2.945551814206516461e+00
2.951209226666386076e+00
2.956877505109188231e+00
2.962556670404814962e+00
2.968246743463242243e+00
2.973947745234606366e+00
2.979659696709281658e+00
2.985382618917959974e+00
2.991116532931723082e+00
2.996861459862124821e+00
3.002617420861267483e+00
3.008384437121878641e+00
3.014162529877390195e+00
3.019951720402016537e+00
3.025752030010832261e+00
3.031563480059851212e+00
3.037386091946105093e+00
3.043219887107721622e+00
3.049064887024005355e+00
3.054921113215513628e+00
3.060788587244137382e+00
3.066667330713182871e+00
3.072557365267447160e+00
3.078458712593299396e+00
3.084371394418762513e+00
3.090295432513590956e+00
3.096230848689350612e+00
3.102177664799501411e+00
3.108135902739475931e+00
3.114105584446759334e+00
3.120086731900974186e+00
3.126079367123955510e+00
3.132083512179835605e+00
3.138099189175126202e+00
3.144126420258795740e+00
3.150165227622355513e+00
3.156215633499937834e+00
3.162277660168379523e+00
3.168351329947304507e+00
3.174436665199204199e+00
3.180533688329520992e+00
3.186642421786731738e+00
3.192762888062426363e+00
3.198895109691398009e+00
3.205039109251717644e+00
3.211194909364822880e+00
3.217362532695599242e+00
3.223542001952463210e+00
3.229733339887447041e+00
3.235936569296282705e+00
3.242151713018484038e+00
3.248378793937432008e+00
3.254617834980459090e+00
3.260868859118933649e+00
3.267131889368342978e+00
3.273406948788382120e+00
3.279694060483033358e+00
3.285993247600655032e+00
3.292304533334065475e+00
3.298627940920628276e+00
3.304963493642339767e+00
3.311311214825911176e+00
3.317671127842857448e+00
3.324043256109582067e+00
3.330427623087464095e+00
3.336824252282941661e+00
3.343233167247605664e+00
3.349654391578276602e+00
3.356087948917099606e+00
3.362533862951627039e+00
3.368992157414907762e+00
3.375462856085572394e+00
3.381945982787924798e+00
3.388441561392025569e+00
3.394949615813782184e+00
3.401470170015035599e+00
3.408003248003650398e+00
3.414548873833601395e+00
3.421107071605065109e+00
3.427677865464503704e+00
3.434261279604757799e+00
3.440857338265133958e+00
3.447466065731494389e+00
3.454087486336345769e+00
3.460721624458931611e+00
3.467368504525316641e+00
3.474028151008481835e+00
3.480700588428411457e+00
3.487385841352183657e+00
3.494083934394065505e+00
3.500794892215595588e+00
3.507518739525680385e+00
3.514255501080684407e+00
3.521005201684519914e+00
3.527767866188739276e+00
3.534543519492627794e+00
3.541332186543292515e+00
3.548133892335755046e+00
3.554948661913044816e+00
3.561776520366290555e+00
3.568617492834811777e+00
3.575471604506213374e+00
3.582338880616477095e+00
3.589219346450052583e+00
3.596113027339954638e+00
3.603019948667852912e+00
3.609940135864166066e+00
3.616873614408159465e+00
3.623820409828031330e+00
3.630780547701013994e+00
3.637754053653462716e+00
3.644740953360953384e+00
3.651741272548377104e+00
3.658755036990032572e+00
3.665782272509721995e+00
3.672823004980847017e+00
3.679877260326503308e+00
3.686945064519575155e+00
3.694026443582834496e+00
3.701121423589031956e+00
3.708230030660994991e+00
3.715352290971726035e+00
3.722488230744494864e+00
3.729637876252938522e+00
3.736801253821157687e+00
3.743978389823811703e+00
3.751169310686216285e+00
3.758374042884442101e+00
3.765592612945411588e+00
3.772825047446994429e+00
3.780071373018111469e+00
3.787331616338824869e+00
3.794605804140442462e+00
3.801893963205612792e+00
3.809196120368424587e+00
3.816512302514506239e+00
3.823842536581126605e+00
3.831186849557287832e+00
3.838545268483832373e+00
3.845917820453536251e+00
3.853304532611212974e+00
3.860705432153813010e+00
3.868120546330521936e+00
3.875549902442861239e+00
3.882993527844790904e+00
3.890451449942806672e+00
3.897923696196043952e+00
3.905410294116379966e+00
3.912911271268530111e+00
3.920426655270152771e+00
3.927956473791951453e+00
3.935500754557775593e+00
3.943059525344720928e+00
3.950632813983237401e+00
3.958220648357225535e+00
3.965823056404140345e+00
3.973440066115097924e+00
3.981071705534973137e+00
3.988718002762507098e+00
3.996378985950410634e+00
4.004054683305463769e+00
4.011745123088623188e+00
4.019450333615125714e+00
4.027170343254591778e+00
4.034905180431129779e+00
4.042654873623443557e+00
4.050419451364931867e+00
4.058198942243799401e+00
4.065993374903156266e+00
4.073802778041127226e+00
4.081627180410959177e+00
4.089466610821121506e+00
4.097321098135415340e+00
4.105190671273079239e+00
4.113075359208897552e+00
4.120975190973301672e+00
4.128890195652486383e+00
4.136820402388507567e+00
4.144765840379391442e+00
4.152726538879248253e+00
4.160702527198372636e+00
4.168693834703353751e+00
4.176700490817188083e+00
4.184722525019379802e+00
4.192759966846054454e+00
4.200812845890067315e+00
4.208881191801110866e+00
4.216965034285822256e+00
4.225064403107901434e+00
4.233179328088208848e+00
4.241309839104882684e+00
4.249455966093445447e+00
4.257617739046917649e+00
4.265795188015927053e+00
4.273988343108815258e+00
4.282197234491754045e+00
4.290421892388854630e+00
4.298662347082277790e+00
4.306918628912344005e+00
4.315190768277652467e+00
4.323478795635183225e+00
4.331782741500415312e+00
4.340102636447438655e+00
4.348438511109065097e+00
4.356790396176939417e+00
4.365158322401660129e+00
4.373542320592881616e+00
4.381942421619437589e+00
4.390358656409446780e+00
4.398791055950433737e+00
4.407239651289435400e+00
4.415704473533125451e+00
4.424185553847917340e+00
4.432682923460088631e+00
4.441196613655890246e+00
4.449726655781662821e+00
4.458273081243953051e+00
4.466835921509631824e+00
4.475415208106003462e+00
4.484010972620928293e+00
4.492623246702934559e+00
4.501252062061336545e+00
4.509897450466353597e+00
4.518559443749223803e+00
4.527238073802321239e+00
4.535933372579275868e+00
4.544645372095088121e+00
4.553374104426249680e+00
4.562119601710862504e+00
4.570881896148750734e+00
4.579661020001586813e+00
4.588457005593004290e+00
4.597269885308723048e+00
4.606099691596659440e+00
4.614946456967059518e+00
4.623810213992602947e+00
4.632690995308535342e+00
4.641588833612779297e+00
4.650503761666064051e+00
4.659435812292036516e+00
4.668385018377390061e+00
4.677351412871982639e+00
4.686335028788954027e+00
4.695335899204854613e+00
4.704354057259762634e+00
4.713389536157404969e+00
4.722442369165286813e+00
4.731512589614805364e+00
4.740600230901375944e+00
4.749705326484557233e+00
4.758827909888168506e+00
4.767968014700423751e+00
4.777125674574043579e+00
4.786300923226384008e+00
4.795493794439562585e+00
4.804704322060580957e+00
4.813932540001447435e+00
4.823178482239306675e+00
4.832442182816560461e+00
4.841723675840993835e+00
4.851022995485902989e+00
4.860340175990218725e+00
4.869675251658630799e+00
4.879028256861723811e+00
4.888399226036089118e+00
4.897788193684462499e+00
4.907195194375848502e+00
4.916620262745644787e+00
4.926063433495771804e+00
4.935524741394806014e+00
4.945004221278097134e+00
4.954501908047903136e+00
4.964017836673517259e+00
4.973552042191396794e+00
4.983104559705295422e+00
4.992675424386384897e+00
5.002264671473391822e+00
5.011872336272723771e+00
5.021498454158598967e+00
5.031143060573176840e+00
5.040806191026694805e+00
5.050487881097586396e+00
5.060188166432624257e+00
5.069907082747044491e+00
5.079644665824678995e+00
5.089400951518089578e+00
5.099175975748701184e+00
5.108969774506928019e+00
5.118782383852311213e+00
5.128613839913649386e+00
5.138464178889133649e+00
5.148333437046477279e+00
5.158221650723056939e+00
5.168128856326035248e+00
5.178055090332502886e+00
5.188000389289611824e+00
5.197964789814707665e+00
5.207948328595463749e+00
5.217951042390023275e+00
5.227972968027124523e+00
5.238014142406242968e+00
5.248074602497727170e+00
5.258154385342928450e+00
5.268253528054350099e+00
5.278372067815768176e+00
5.288510041882380719e+00
5.298667487580938307e+00
5.308844442309884393e+00
5.319040943539492083e+00
5.329257028812004471e+00
5.339492735741766971e+00
5.349748102015371209e+00
5.360023165391792688e+00
5.370317963702528452e+00
5.380632534851734761e+00
5.390966916816375409e+00
5.401321147646348741e+00
5.411695265464637750e+00
5.422089308467444191e+00
5.432503314924333360e+00
5.442937323178372644e+00
5.453391371646277186e+00
5.463865498818543109e+00
5.474359743259594957e+00
5.484874143607927799e+00
5.495408738576246677e+00
5.505963566951611377e+00
5.516538667595580314e+00
5.527134079444349979e+00
5.537749841508898818e+00
5.548385992875135564e+00
5.559042572704036012e+00
5.569719620231794899e+00
5.580417174769965349e+00
5.591135275705601870e+00
5.601873962501411341e+00
5.612633274695895125e+00
5.623413251903491172e+00
5.634213933814728570e+00
5.645035360196366092e+00
5.655877570891540529e+00
5.666740605819913235e+00
5.677624504977820230e+00
5.688529308438414311e+00
5.699455056351819593e+00
5.710401788945270063e+00
5.721369546523265015e+00
5.732358369467714709e+00
5.743368298238090475e+00
5.754399373371569482e+00
5.765451635483192838e+00
5.776525125266004146e+00
5.787619883491207595e+00
5.798735951008312739e+00
5.809873368745288147e+00
5.821032177708714173e+00
5.832212418983927726e+00
5.843414133735176819e+00
5.854637363205773326e+00
5.865882148718243094e+00
5.877148531674476928e+00
5.888436553555889574e+00
5.899746255923564497e+00
5.911077680418407532e+00
5.922430868761307643e+00
5.933805862753280813e+00
5.945202704275630801e+00
5.956621435290104571e+00
5.968062097839038849e+00
5.979524734045519985e+00
5.991009386113540280e+00
6.002516096328150752e+00
6.014044907055615674e+00
6.025595860743577781e+00
6.037168999921199486e+00
6.048764367199331637e+00
6.060382005270664507e+00
6.072021956909886775e+00
6.083684264973841849e+00
6.095368972401692176e+00
6.107076122215064906e+00
6.118805757518220645e+00
6.130557921498207996e+00
6.142332657425022546e+00
6.154130008651771178e+00
6.165950018614822170e+00
6.177792730833973067e+00
6.189658188912606995e+00
6.201546436537855200e+00
6.213457517480756920e+00
6.225391475596423696e+00
6.237348354824193031e+00
6.249328199187798027e+00
6.261331052795526375e+00
6.273356959840381997e+00
6.285405964600248474e+00
6.297478111438054249e+00
6.309573444801933384e+00
6.321692009225387210e+00
6.333833849327454857e+00
6.345999009812870462e+00
6.358187535472230145e+00
6.370399471182163431e+00
6.382634861905487789e+00
6.394893752691379163e+00
6.407176188675538953e+00
6.419482215080360099e+00
6.431811877215087847e+00
6.444165220475999156e+00
6.456542290346556356e+00
6.468943132397579454e+00
6.481367792287418439e+00
6.493816315762113156e+00
6.506288748655571830e+00
6.518785136889730047e+00
6.531305526474724843e+00
6.543849963509062562e+00
6.556418494179790279e+00
6.569011164762663668e+00
6.581628021622321967e+00
6.594269111212451406e+00
6.606934480075961069e+00
6.619624174845154307e+00
6.632338242241897497e+00
6.645076729077795008e+00
6.657839682254364178e+00
6.670627148763197845e+00
6.683439175686147316e+00
6.696275810195492006e+00
6.709137099554113526e+00
6.722023091115667981e+00
6.734933832324765390e+00
6.747869370717138437e+00
6.760829753919819218e+00
6.773815029651315989e+00
6.786825245721787248e+00
6.799860450033223813e+00
6.812920690579613137e+00
6.826006015447127595e+00
6.839116472814294134e+00
6.852252110952176345e+00
6.865412978224547658e+00
6.878599123088076084e+00
6.891810594092496522e+00
6.905047439880790172e+00
6.918309709189365719e+00
6.931597450848240527e+00
6.944910713781212053e+00
6.958249547006053248e+00
6.971613999634674208e+00
6.985004120873319344e+00
6.998419960022736142e+00
7.011861566478367003e+00
7.025328989730520668e+00
7.038822279364569390e+00
7.052341485061112358e+00
7.065886656596174653e+00
7.079457843841380438e+00
7.093055096764143919e+00
7.106678465427845204e+00
7.120327999992025703e+00
7.134003750712563097e+00
7.147705767941856969e+00
7.161434102129021539e+00
7.175188803820062411e+00
7.188969923658072858e+00
7.202777512383408798e+00
7.216611620833883300e+00
7.230472299944953107e+00
7.244359600749902484e+00
7.258273574380032400e+00
7.272214272064857710e+00
7.286181745132277676e+00
7.300176045008781145e+00
7.314197223219628619e+00
7.328245331389042327e+00
7.342320421240396300e+00
7.356422544596413537e+00
7.370551753379344539e+00
7.384708099611168031e+00
7.398891635413777479e+00
7.413102413009177383e+00
7.427340484719668900e+00
7.441605902968054131e+00
7.455898720277815528e+00
7.470218989273317511e+00
7.484566762679997431e+00
7.498942093324560076e+00
7.513345034135173073e+00
7.527775638141664061e+00
7.542233958475708988e+00
7.556720048371033727e+00
7.571233961163606807e+00
7.585775750291837483e+00
7.600345469296776457e+00
7.614943171822303292e+00
7.629568911615331572e+00
7.644222742526004311e+00
7.658904718507891118e+00
7.673614893618189825e+00
7.688353322017926317e+00
7.703120057972146384e+00
7.717915155850125331e+00
7.732738670125559821e+00
7.747590655376774826e+00
7.762471166286917246e+00
7.777380257644171735e+00
7.792317984341941894e+00
7.807284401379069649e+00
7.822279563860027096e+00
7.837303526995127001e+00
7.852356346100718198e+00
7.867438076599399643e+00
7.882548774020214033e+00
7.897688493998857417e+00
7.912857292277883481e+00
7.928055224706906934e+00
7.943282347242815788e+00
7.958538715949966758e+00
7.973824387000401082e+00
7.989139416674044369e+00
8.004483861358920649e+00
8.019857777551349542e+00
8.035261221856172753e+00
8.050694250986941469e+00
8.066156921766134857e+00
8.081649291125373225e+00
8.097171416105622299e+00
8.112723353857397512e+00
8.128305161640993148e+00
8.143916896826672414e+00
8.159558616894889482e+00
8.175230379436500883e+00
8.190932242152975107e+00
8.206664262856600445e+00
8.222426499470712358e+00
8.238219010029892431e+00
8.254041852680185087e+00
8.269895085679319635e+00
8.285778767396912770e+00
8.301692956314692395e+00
8.317637711026710789e+00
8.333613090239559540e+00
8.349619152772584485e+00
8.365655957558102429e+00
8.381723563641621411e+00
8.397822030182059194e+00
8.413951416451951104e+00
8.430111781837680951e+00
8.446303185839687089e+00
8.462525688072695118e+00
8.478779348265923943e+00
8.495064226263320251e+00
8.511380382023766344e+00
8.527727875621302189e+00
8.544106767245352785e+00
8.560517117200948434e+00
8.576958985908941457e+00
8.593432433906237122e+00
8.609937521846006803e+00
8.626474310497920683e+00
8.643042860748359146e+00
8.659643233600656131e+00
8.676275490175299865e+00
8.692939691710183325e+00
8.709635899560806749e+00
8.726364175200520990e+00
8.743124580220738906e+00
8.759917176331175170e+00
8.776742025360062982e+00
8.793599189254397430e+00
8.810488730080141551e+00
8.827410710022471463e+00
8.844365191385998415e+00
8.861352236594997933e+00
8.878371908193649631e+00
8.895424268846250371e+00
8.912509381337455849e+00
8.929627308572515076e+00
8.946778113577492419e+00
8.963961859499500306e+00
8.981178609606946139e+00
8.998428427289745457e+00
9.015711376059570625e+00
9.033027519550071105e+00
9.050376921517123918e+00
9.067759645839048588e+00
9.085175756516868262e+00
9.102625317674519323e+00
9.120108393559098303e+00
9.137625048541107020e+00
9.155175347114672846e+00
9.172759353897795620e+00
9.190377133632594564e+00
9.208028751185524996e+00
9.225714271547634127e+00
9.243433759834791985e+00
9.261187281287934780e+00
9.278974901273311815e+00
9.296796685282711081e+00
9.314652698933707953e+00
9.332543007969912097e+00
9.350467678261200177e+00
9.368426775803962769e+00
9.386420366721353048e+00
9.404448517263517715e+00
9.422511293807851018e+00
9.440608762859236336e+00
9.458740991050285984e+00
9.476908045141593462e+00
9.495109992021983913e+00
9.513346898708741506e+00
9.531618832347877657e+00
9.549925860214361961e+00
9.568268049712379764e+00
9.586645468375575518e+00
9.605058183867306809e+00
9.623506263980887709e+00
9.641989776639837473e+00
9.660508789898136328e+00
9.679063371940472393e+00
9.697653591082493918e+00
9.716279515771063302e+00
9.734941214584500457e+00
9.753638756232847484e+00
9.772372209558108480e+00
9.791141643534514216e+00
9.809947127268774381e+00
9.828788730000322715e+00
9.847666521101583470e+00
9.866580570078218315e+00
9.885530946569391020e+00
9.904517720348010812e+00
9.923540961321005938e+00
9.942600739529567022e+00
9.961697125149413523e+00
9.980830188491044197e+00
1.000000000000000000e+01
1.001610733752729487e+01
1.003224061968681013e+01
1.004839988826844355e+01
1.006458518512939371e+01
1.008079655219430215e+01
1.009703403145532086e+01
1.011329766497224369e+01
1.012958749487261301e+01
1.014590356335182975e+01
1.016224591267325472e+01
1.017861458516833295e+01
1.019500962323668780e+01
1.021143106934623646e+01
1.022787896603330182e+01
1.024435335590272267e+01
1.026085428162796198e+01
1.027738178595121354e+01
1.029393591168353161e+01
1.031051670170491441e+01
1.032712419896443024e+01
1.034375844648033116e+01
1.036041948734015783e+01
1.037710736470085138e+01
1.039382212178886711e+01
1.041056380190029884e+01
1.042733244840096241e+01
1.044412810472653241e+01
1.046095081438264529e+01
1.047780062094501297e+01
1.049467756805953300e+01
1.051158169944242005e+01
1.052851305888028399e+01
1.054547169023027564e+01
1.056245763742018084e+01
1.057947094444854841e+01
1.059651165538479312e+01
1.061357981436930586e+01
1.063067546561359755e+01
1.064779865340037546e+01
1.066494942208367291e+01
1.068212781608897544e+01
1.069933387991332019e+01
1.071656765812541146e+01
1.073382919536576274e+01
1.075111853634677139e+01
1.076843572585286068e+01
1.078578080874058820e+01
1.080315382993876838e+01
1.082055483444857913e+01
1.083798386734367902e+01
1.085544097377034589e+01
1.087292619894756029e+01
1.089043958816714053e+01
1.090798118679386342e+01
1.092555104026556911e+01
1.094314919409329256e+01
1.096077569386136652e+01
1.097843058522756543e+01
1.099611391392318893e+01
1.101382572575320218e+01
1.103156606659635308e+01
1.104933498240528422e+01
1.106713251920665186e+01
1.108495872310126806e+01
1.110281364026417883e+01
1.112069731694481689e+01
1.113860979946710827e+01
1.115655113422959310e+01
1.117452136770554816e+01
1.119252054644310235e+01
1.121054871706537526e+01
1.122860592627056953e+01
1.124669222083211118e+01
1.126480764759876507e+01
1.128295225349475750e+01
1.130112608551988984e+01
1.131932919074968780e+01
1.133756161633548309e+01
1.135582340950456448e+01
1.137411461756028785e+01
1.139243528788220594e+01
1.141078546792618376e+01
1.142916520522451940e+01
1.144757454738609681e+01
1.146601354209645685e+01
1.148448223711796423e+01
1.150298068028991239e+01
1.152150891952864953e+01
1.154006700282770659e+01
1.155865497825791444e+01
1.157727289396754777e+01
1.159592079818242105e+01
1.161459873920603059e+01
1.163330676541967890e+01
1.165204492528259550e+01
1.167081326733206126e+01
1.168961184018355581e+01
1.170844069253084463e+01
1.172729987314613531e+01
1.174618943088019130e+01
1.176510941466246329e+01
1.178405987350120832e+01
1.180304085648364243e+01
1.182205241277602425e+01
1.184109459162381839e+01
1.186016744235180909e+01
1.187927101436422817e+01
1.189840535714488468e+01
1.191757052025728747e+01
1.193676655334479975e+01
1.195599350613072431e+01
1.197525142841846169e+01
1.199454037009163621e+01
1.201386038111421861e+01
1.203321151153065927e+01
1.205259381146600717e+01
1.207200733112607338e+01
1.209145212079751452e+01
1.211092823084799441e+01
1.213043571172630486e+01
1.214997461396249712e+01
1.216954498816801156e+01
1.218914688503580734e+01
1.220878035534051165e+01
1.222844544993851734e+01
1.224814221976814466e+01
1.226787071584975486e+01
1.228763098928589592e+01
1.230742309126141620e+01
1.232724707304363143e+01
1.234710298598241884e+01
1.236699088151036641e+01
1.238691081114291137e+01
1.240686282647846994e+01
1.242684697919855630e+01
1.244686332106795490e+01
1.246691190393480753e+01
1.248699277973078026e+01
1.250710600047118071e+01
1.252725161825510547e+01
1.254742968526556268e+01
1.256764025376961236e+01
1.258788337611851915e+01
1.260815910474785539e+01
1.262846749217765563e+01
1.264880859101255339e+01
1.266918245394191089e+01
1.268958913373996111e+01
1.271002868326593926e+01
1.273050115546423378e+01
1.275100660336450176e+01
1.277154508008181644e+01
1.279211663881680927e+01
1.281272133285580317e+01
1.283335921557094395e+01
1.285403034042036552e+01
1.287473476094828762e+01
1.289547253078518629e+01
1.291624370364791652e+01
1.293704833333986137e+01
1.295788647375106351e+01
1.297875817885836369e+01
1.299966350272556426e+01
1.302060249950352855e+01
1.304157522343035325e+01
1.306258172883149093e+01
1.308362207011990641e+01
1.310469630179619749e+01
1.312580447844876907e+01
1.314694665475393442e+01
1.316812288547607857e+01
1.318933322546780396e+01
1.321057772967006017e+01
1.323185645311229663e+01
1.325316945091258702e+01
1.327451677827781573e+01
1.329589849050375960e+01
1.331731464297527801e+01
1.333876529116643717e+01
1.336025049064065406e+01
1.338177029705084919e+01
1.340332476613957446e+01
1.342491395373918905e+01
1.344653791577196422e+01
1.346819670825025383e+01
1.348989038727663292e+01
1.351161900904403979e+01
1.353338262983592699e+01
1.355518130602639815e+01
1.357701509408038199e+01
1.359888405055373362e+01
1.362078823209341571e+01
1.364272769543762820e+01
1.366470249741595744e+01
1.368671269494955212e+01
1.370875834505121738e+01
1.373083950482560311e+01
1.375295623146933544e+01
1.377510858227117474e+01
1.379729661461215073e+01
1.381952038596571875e+01
1.384177995389792670e+01
1.386407537606752349e+01
1.388640671022614015e+01
1.390877401421842841e+01
1.393117734598221702e+01
1.395361676354865033e+01
1.397609232504234100e+01
1.399860408868154948e+01
1.402115211277828521e+01
1.404373645573849139e+01
1.406635717606218527e+01
1.408901433234361633e+01
1.411170798327141007e+01
1.413443818762871906e+01
1.415720500429340056e+01
1.418000849223812665e+01
1.420284871053056364e+01
1.422572571833352484e+01
1.424863957490511623e+01
1.427159033959889101e+01
1.429457807186400409e+01
1.431760283124538091e+01
1.434066467738384176e+01
1.436376367001627941e+01
1.438689986897580297e+01
1.441007333419189251e+01
1.443328412569058194e+01
1.445653230359456565e+01
1.447981792812338853e+01
1.450314105959359345e+01
1.452650175841887581e+01
1.454990008511024513e+01
1.457333610027616544e+01
1.459680986462275065e+01
1.462032143895387115e+01
1.464387088417134919e+01
1.466745826127509567e+01
1.469108363136328066e+01
1.471474705563248797e+01
1.473844859537786434e+01
1.476218831199330594e+01
1.478596626697158101e+01
1.480978252190451094e+01
1.483363713848312493e+01
1.485753017849781976e+01
1.488146170383852329e+01
1.490543177649483830e+01
1.492944045855624502e+01
1.495348781221220413e+01
1.497757389975236286e+01
1.500169878356669351e+01
1.502586252614566398e+01
1.505006519008039056e+01
1.507430683806283156e+01
1.509858753288589917e+01
1.512290733744365845e+01
1.514726631473147833e+01
1.517166452784619857e+01
1.519610203998627895e+01
1.522057891445200539e+01
1.524509521464559469e+01
1.526965100407139886e+01
1.529424634633605606e+01
1.531888130514865765e+01
1.534355594432091685e+01
1.536827032776731805e+01
1.539302451950532280e+01
1.541781858365548175e+01
1.544265258444163358e+01
1.546752658619106846e+01
1.549244065333468612e+01
1.551739485040716993e+01
1.554238924204714323e+01
1.556742389299736651e+01
1.559249886810486352e+01
1.561761423232111490e+01
1.564277005070222160e+01
1.566796638840907363e+01
1.569320331070751351e+01
1.571848088296850676e+01
1.574379917066833734e+01
1.576915823938872663e+01
1.579455815481704128e+01
1.581999898274645133e+01
1.584548078907610780e+01
1.587100363981129014e+01
1.589656760106362476e+01
1.592217273905120223e+01
1.594781912009878155e+01
1.597350681063794831e+01
1.599923587720729579e+01
1.602500638645258491e+01
1.605081840512694669e+01
1.607667200009101549e+01
1.610256723831312442e+01
1.612850418686947052e+01
1.615448291294429595e+01
1.618050348383006920e+01
1.620656596692762008e+01
1.623267042974638485e+01
1.625881693990451282e+01
1.628500556512906527e+01
1.631123637325620379e+01
1.633750943223135721e+01
1.636382481010938506e+01
1.639018257505477294e+01
1.641658279534181020e+01
1.644302553935474620e+01
1.646951087558797511e+01
1.649603887264622770e+01
1.652260959924473838e+01
1.654922312420941211e+01
1.657587951647701630e+01
1.660257884509538329e+01
1.662932117922353115e+01
1.665610658813188394e+01
1.668293514120244581e+01
1.670980690792896795e+01
1.673672195791716177e+01
1.676368036088482683e+01
1.679068218666207102e+01
1.681772750519147763e+01
1.684481638652829716e+01
1.687194890084060717e+01
1.689912511840950771e+01
1.692634510962932737e+01
1.695360894500775473e+01
1.698091669516605506e+01
1.700826843083924444e+01
1.703566422287628157e+01
1.706310414224023120e+01
1.709058826000846665e+01
1.711811664737286520e+01
1.714568937563994666e+01
1.717330651623110427e+01
1.720096814068276458e+01
1.722867432064658644e+01
1.725642512788963501e+01
1.728422063429456657e+01
1.731206091185984519e+01
1.733994603269988488e+01
1.736787606904526271e+01
1.739585109324289647e+01
1.742387117775623651e+01
1.745193639516545758e+01
1.748004681816762940e+01
1.750820251957694040e+01
1.753640357232484703e+01
1.756465004946027619e+01
1.759294202414982067e+01
1.762127956967792386e+01
1.764966275944708229e+01
1.767809166697801615e+01
1.770656636590986466e+01
1.773508693000037795e+01
1.776365343312611955e+01
1.779226594928264404e+01
1.782092455258468178e+01
1.784962931726637336e+01
1.787838031768140468e+01
1.790717762830322712e+01
1.793602132372525659e+01
1.796491147866105464e+01
1.799384816794453101e+01
1.802283146653011769e+01
1.805186144949301053e+01
1.808093819202930419e+01
1.811006176945622315e+01
1.813923225721229926e+01
1.816844973085758852e+01
1.819771426607384868e+01
1.822702593866473109e+01
1.825638482455601164e+01
1.828579099979574352e+01
1.831524454055447038e+01
1.834474552312543238e+01
1.837429402392475453e+01
1.840389011949167397e+01
1.843353388648865376e+01
1.846322540170170257e+01
1.849296474204047414e+01
1.852275198453851246e+01
1.855258720635344716e+01
1.858247048476716401e+01
1.861240189718608917e+01
1.864238152114124247e+01
1.867240943428860334e+01
1.870248571440919250e+01
1.873261043940933135e+01
1.876278368732081958e+01
1.879300553630114123e+01
1.882327606463369207e+01
1.885359535072793946e+01
1.888396347311966039e+01
1.891438051047112268e+01
1.894484654157130521e+01
1.897536164533609337e+01
1.900592590080847444e+01
1.903653938715878269e+01
1.906720218368484154e+01
1.909791436981221935e+01
1.912867602509441056e+01
1.915948722921305603e+01
1.919034806197813836e+01
1.922125860332818448e+01
1.925221893333050360e+01
1.928322913218135781e+01
1.931428928020617519e+01
1.934539945785978432e+01
1.937655974572658124e+01
1.940777022452081368e+01
1.943903097508665567e+01
1.947034207839858055e+01
1.950170361556144272e+01
1.953311566781075470e+01
1.956457831651286483e+01
1.959609164316518104e+01
1.962765572939640535e+01
1.965927065696669729e+01
1.969093650776791549e+01
1.972265336382383083e+01
1.975442130729032186e+01
1.978624042045561282e+01
1.981811078574045126e+01
1.985003248569837453e+01
1.988200560301586250e+01
1.991403022051259697e+01
1.994610642114164989e+01
1.997823428798971435e+01
2.001041390427731770e+01
2.004264535335901343e+01
2.007492871872365114e+01
2.010726408399453646e+01
2.013965153292967258e+01
2.017209114942196990e+01
2.020458301749948049e+01
2.023712722132558994e+01
2.026972384519924830e+01
2.030237297355521520e+01
2.033507469096421971e+01
2.036782908213323040e+01
2.040063623190564712e+01
2.043349622526152132e+01
2.046640914731782956e+01
2.049937508332857306e+01
2.053239411868515063e+01
2.056546633891646181e+01
2.059859182968917324e+01
2.063177067680794963e+01
2.066500296621564914e+01
2.069828878399358629e+01
2.073162821636170605e+01
2.076502134967883606e+01
2.079846827044291047e+01
2.083196906529118664e+01
2.086552382100046543e+01
2.089913262448731857e+01
2.093279556280834797e+01
2.096651272316034920e+01
2.100028419288057435e+01
2.103411005944695589e+01
2.106799041047833398e+01
2.110192533373466972e+01
2.113591491711728310e+01
2.116995924866910173e+01
2.120405841657483847e+01
2.123821250916126147e+01
2.127242161489740724e+01
2.130668582239481523e+01
2.134100522040774806e+01
2.137537989783342240e+01
2.140980994371227553e+01
2.144429544722813574e+01
2.147883649770848891e+01
2.151343318462470222e+01
2.154808559759225517e+01
2.158279382637101307e+01
2.161755796086533721e+01
2.165237809112448630e+01
2.168725430734271953e+01
2.172218669985958428e+01
2.175717535916013645e+01
2.179222037587517846e+01
2.182732184078151860e+01
2.186247984480215223e+01
2.189769447900654242e+01
2.193296583461083316e+01
2.196829400297810508e+01
2.200367907561858516e+01
2.203912114418989887e+01
2.207462030049733670e+01
2.211017663649403531e+01
2.214579024428124399e+01
2.218146121610857335e+01
2.221718964437421917e+01
2.225297562162520393e+01
2.228881924055760777e+01
2.232472059401685982e+01
2.236067977499789450e+01
2.239669687664545705e+01
2.243277199225432028e+01
2.246890521526951545e+01
2.250509663928664139e+01
2.254134635805196751e+01
2.257765446546284593e+01
2.261402105556782871e+01
2.265044622256696272e+01
2.268693006081203478e+01
2.272347266480678485e+01
2.276007412920722572e+01
2.279673454882175321e+01
2.283345401861155111e+01
2.287023263369072623e+01
2.290707048932658552e+01
2.294396768093989536e+01
2.298092430410510545e+01
2.301794045455064719e+01
2.305501622815910778e+01
2.309215172096752866e+01
2.312934702916763996e+01
2.316660224910611277e+01
2.320391747728480425e+01
2.324129281036100281e+01
2.327872834514771938e+01
2.331622417861386865e+01
2.335378040788456744e+01
2.339139713024137635e+01
2.342907444312255549e+01
2.346681244412330258e+01
2.350461123099601224e+01
2.354247090165056022e+01
2.358039155415449883e+01
2.361837328673335179e+01
2.365641619777085580e+01
2.369452038580920927e+01
2.373268594954937782e+01
2.377091298785123286e+01
2.380920159973395656e+01
2.384755188437618756e+01
2.388596394111631938e+01
2.392443786945275264e+01
2.396297376904414733e+01
2.400157173970972835e+01
2.404023188142942402e+01
2.407895429434428181e+01
2.411773907875661394e+01
2.415658633513028875e+01
2.419549616409100423e+01
2.423446866642652964e+01
2.427350394308700388e+01
2.431260209518514515e+01
2.435176322399653870e+01
2.439098743095990685e+01
2.443027481767735409e+01
2.446962548591464071e+01
2.450903953760143850e+01
2.454851707483163281e+01
2.458805819986351793e+01
2.462766301512011680e+01
2.466733162318941552e+01
2.470706412682465469e+01
2.474686062894458161e+01
2.478672123263370253e+01
2.482664604114259888e+01
2.486663515788813328e+01
2.490668868645375156e+01
2.494680673058974918e+01
2.498698939421351284e+01
2.502723678140987928e+01
2.506754899643123480e+01
2.510792614369798414e+01
2.514836832779867493e+01
2.518887565349033153e+01
2.522944822569871448e+01
2.527008614951857268e+01
2.531078953021399514e+01
2.535155847321852818e+01
2.539239308413563379e+01
2.543329346873882457e+01
2.547425973297199420e+01
2.551529198294969092e+01
2.555639032495735918e+01
2.559755486545169489e+01
2.563878571106082305e+01
2.568008296858462458e+01
2.572144674499501704e+01
2.576287714743621038e+01
2.580437428322500892e+01
2.584593825985104942e+01
2.588756918497715276e+01
2.592926716643951224e+01
2.597103231224803466e+01
2.601286473058659965e+01
2.605476452981334035e+01
2.609673181846092760e+01
2.613876670523683643e+01
2.618086929902368354e+01
2.622303970887941560e+01
2.626527804403767163e+01
2.630758441390802815e+01
2.634995892807627271e+01
2.639240169630477340e+01
2.643491282853259250e+01
2.647749243487596971e+01
2.652014062562846064e+01
2.656285751126129213e+01
2.660564320242362157e+01
2.664849780994282824e+01
2.669142144482484014e+01
2.673441421825434361e+01
2.677747624159513506e+01
2.682060762639038387e+01
2.686380848436292368e+01
2.690707892741554375e+01
2.695041906763127315e+01
2.699382901727371120e+01
2.703730888878724059e+01
2.708085879479737912e+01
2.712447884811106036e+01
2.716816916171690721e+01
2.721192984878554810e+01
2.725576102266987633e+01
2.729966279690541953e+01
2.734363528521052800e+01
2.738767860148673705e+01
2.743179285981905835e+01
2.747597817447624990e+01
2.752023465991113582e+01
2.756456243076087631e+01
2.760896160184731940e+01
2.765343228817722476e+01
2.769797460494260832e+01
2.774258866752103359e+01
2.778727459147588164e+01
2.783203249255674905e+01
2.787686248669955802e+01
2.792176469002708217e+01
2.796673921884907443e+01
2.801178618966265788e+01
2.805690571915258857e+01
2.810209792419155761e+01
2.814736292184056055e+01
2.819270082934909638e+01
2.823811176415552993e+01
2.828359584388740089e+01
2.832915318636170809e+01
2.837478390958522212e+01
2.842048813175478017e+01
2.846626597125764491e+01
2.851211754667172116e+01
2.855804297676593606e+01
2.860404238050050907e+01
2.865011587702728235e+01
2.869626358569001923e+01
2.874248562602469548e+01
2.878878211775987594e+01
2.883515318081692413e+01
2.888159893531038946e+01
2.892811950154828793e+01
2.897471500003240763e+01
2.902138555145868892e+01
2.906813127671738428e+01
2.911495229689356279e+01
2.916184873326727356e+01
2.920882070731393654e+01
2.925586834070463027e+01
2.930299175530639744e+01
2.935019107318263565e+01
2.939746641659325377e+01
2.944481790799519061e+01
2.949224567004256770e+01
2.953974982558709428e+01
2.958733049767835155e+01
2.963498780956410528e+01
2.968272188469069661e+01
2.973053284670324814e+01
2.977842081944606178e+01
2.982638592696292434e+01
2.987442829349742013e+01
2.992254804349325070e+01
2.997074530159455819e+01
3.001902019264629118e+01
3.006737284169445346e+01
3.011580337398646989e+01
3.016431191497151332e+01
3.021289859030081359e+01
3.026156352582800224e+01
3.031030684760940375e+01
3.035912868190443348e+01
3.040802915517583571e+01
3.045700839409005667e+01
3.050606652551758202e+01
3.055520367653322467e+01
3.060441997441655460e+01
3.065371554665203746e+01
3.070309052092959590e+01
3.075254502514476584e+01
3.080207918739909800e+01
3.085169313600048469e+01
3.090138699946347600e+01
3.095116090650968133e+01
3.100101498606793982e+01
3.105094936727487109e+01
3.110096417947503156e+01
3.115105955222134071e+01
3.120123561527538669e+01
3.125149249860776024e+01
3.130183033239843837e+01
3.135224924703704019e+01
3.140274937312322834e+01
3.145333084146702163e+01
3.150399378308913612e+01
3.155473832922133681e+01
3.160556461130674322e+01
3.165647276100025920e+01
3.170746291016874707e+01
3.175853519089157118e+01
3.180968973546078615e+01
3.186092667638152776e+01
3.191224614637242851e+01
3.196364827836578471e+01
3.201513320550812125e+01
3.206670106116035868e+01
3.211835197889825366e+01
3.217008609251271167e+01
3.222190353601011736e+01
3.227380444361277512e+01
3.232578894975907247e+01
3.237785718910405564e+01
3.243000929651960007e+01
3.248224540709483676e+01
3.253456565613647911e+01
3.258697017916919236e+01
3.263945911193598448e+01
3.269203259039839793e+01
3.274469075073708524e+01
3.279743372935197954e+01
3.285026166286275640e+01
3.290317468810911805e+01
3.295617294215119131e+01
3.300925656226991833e+01
3.306242568596725562e+01
3.311568045096675661e+01
3.316902099521372804e+01
3.322244745687569178e+01
3.327595997434277564e+01
3.332955868622790518e+01
3.338324373136740775e+01
3.343701524882109766e+01
3.349087337787290153e+01
3.354481825803102879e+01
3.359885002902839801e+01
3.365296883082306323e+01
3.370717480359840579e+01
3.376146808776370989e+01
3.381584882395436864e+01
3.387031715303231039e+01
3.392487321608634687e+01
3.397951715443254983e+01
3.403424910961465599e+01
3.408906922340429446e+01
3.414397763780156225e+01
3.419897449503520903e+01
3.425405993756309186e+01
3.430923410807254470e+01
3.436449714948069811e+01
3.441984920493495537e+01
3.447529041781318426e+01
3.453082093172430689e+01
3.458644089050848436e+01
3.464215043823760709e+01
3.469794971921560744e+01
3.475383887797884341e+01
3.480981805929653916e+01
3.486588740817099819e+01
3.492204706983820728e+01
3.497829718976799995e+01
3.503463791366453961e+01
3.509106938746675297e+01
3.514759175734849350e+01
3.520420516971920932e+01
3.526090977122409242e+01
3.531770570874454762e+01
3.537459312939859046e+01
3.543157218054115987e+01
3.548864300976464392e+01
3.554580576489902199e+01
3.560306059401250423e+01
3.566040764541175179e+01
3.571784706764231032e+01
3.577537900948898653e+01
3.583300361997623895e+01
3.589072104836863275e+01
3.594853144417101731e+01
3.600643495712919417e+01
3.606443173723010176e+01
3.612252193470226302e+01
3.618070570001619757e+01
3.623898318388476270e+01
3.629735453726365790e+01
3.635581991135160251e+01
3.641437945759096806e+01
3.647303332766800565e+01
3.653178167351330075e+01
3.659062464730217101e+01
3.664956240145501454e+01
3.670859508863782139e+01
3.676772286176235127e+01
3.682694587398679431e+01
3.688626427871596292e+01
3.694567822960176784e+01
3.700518788054368713e+01
3.706479338568895088e+01
3.712449489943322334e+01
3.718429257642077346e+01
3.724418657154497936e+01
3.730417703994871914e+01
3.736426413702474036e+01
3.742444801841616453e+01
3.748472884001667182e+01
3.754510675797119745e+01
3.760558192867609506e+01
3.766615450877964122e+01
3.772682465518245465e+01
3.778759252503784438e+01
3.784845827575232846e+01
3.790942206498583289e+01
3.797048405065236665e+01
3.803164439092022775e+01
3.809290324421248641e+01
3.815426076920739717e+01
3.821571712483878258e+01
3.827727247029653768e+01
3.833892696502684316e+01
3.840068076873284042e+01
3.846253404137482335e+01
3.852448694317074995e+01
3.858653963459672553e+01
3.864869227638718030e+01
3.871094502953562966e+01
3.877329805529473106e+01
3.883575151517703716e+01
3.889830557095514507e+01
3.896096038466224343e+01
3.902371611859259559e+01
3.908657293530172439e+01
3.914953099760712973e+01
3.921259046858850184e+01
3.927575151158821853e+01
3.933901429021174323e+01
3.940237896832807252e+01
3.946584571007021225e+01
3.952941467983541912e+01
3.959308604228586859e+01
3.965685996234889643e+01
3.972073660521751748e+01
3.978471613635081638e+01
3.984879872147437396e+01
3.991298452658079299e+01
3.997727371792990425e+01
4.004166646204947710e+01
4.010616292573543262e+01
4.017076327605237651e+01
4.023546768033401833e+01
4.030027630618356937e+01
4.036518932147428274e+01
4.043020689434967352e+01
4.049532919322423652e+01
4.056055638678364517e+01
4.062588864398530575e+01
4.069132613405881926e+01
4.075686902650625143e+01
4.082251749110283612e+01
4.088827169789711746e+01
4.095413181721169593e+01
4.102009801964340596e+01
4.108617047606389150e+01
4.115234935762011048e+01
4.121863483573451958e+01
4.128502708210586292e+01
4.135152626870935677e+01
4.141813256779724384e+01
4.148484615189921954e+01
4.155166719382285123e+01
4.161859586665413957e+01
4.168563234375774584e+01
4.175277679877770254e+01
4.182002940563767623e+01
4.188739033854147209e+01
4.195485977197350991e+01
4.202243788069923625e+01
4.209012483976567864e+01
4.215792082450165879e+01
4.222582601051858120e+01
4.229384057371060379e+01
4.236196469025523470e+01
4.243019853661375862e+01
4.249854228953167024e+01
4.256699612603924265e+01
4.263556022345173346e+01
4.270423475937017344e+01
4.277301991168157258e+01
4.284191585855946727e+01
4.291092277846446024e+01
4.298004085014447639e+01
4.304927025263551599e+01
4.311861116526178961e+01
4.318806376763649268e+01
4.325762823966205417e+01
4.332730476153067656e+01
4.339709351372489010e+01
4.346699467701778019e+01
4.353700843247376184e+01
4.360713496144881418e+01
4.367737444559104176e+01
4.374772706684115775e+01
4.381819300743288892e+01
4.388877244989360094e+01
4.395946557704448310e+01
4.403027257200137257e+01
4.410119361817497463e+01
4.417222889927142404e+01
4.424337859929276817e+01
4.431464290253741467e+01
4.438602199360070699e+01
4.445751605737516599e+01
4.452912527905128570e+01
4.460084984411777498e+01
4.467268993836211166e+01
4.474464574787104709e+01
4.481671745903103954e+01
4.488890525852886526e+01
4.496120933335182457e+01
4.503362987078858737e+01
4.510616705842939211e+01
4.517882108416662845e+01
4.525159213619544829e+01
4.532448040301393632e+01
4.539748607342401954e+01
4.547060933653152404e+01
4.554385038174704903e+01
4.561720939878618708e+01
4.569068657767011388e+01
4.576428210872617086e+01
4.583799618258810682e+01
4.591182899019688080e+01
4.598578072280093210e+01
4.605985157195676294e+01
4.613404172952942162e+01
4.620835138769297856e+01
4.628278073893113742e+01
4.635732997603748373e+01
4.643199929211630206e+01
4.650678888058282467e+01
4.658169893516384263e+01
4.665672964989818894e+01
4.673188121913722881e+01
4.680715383754545655e+01
4.688254770010076555e+01
4.695806300209526540e+01
4.703369993913553770e+01
4.710945870714324712e+01
4.718533950235566010e+01
4.726134252132607827e+01
4.733746796092450637e+01
4.741371601833788674e+01
4.749008689107095194e+01
4.756658077694645215e+01
4.764319787410578755e+01
4.771993838100959806e+01
4.779680249643804046e+01
4.787379041949159131e+01
4.795090234959135955e+01
4.802813848647968342e+01
4.810549903022061358e+01
4.818298418120046023e+01
4.826059414012836868e+01
4.833832910803662486e+01
4.841618928628148666e+01
4.849417487654343262e+01
4.857228608082784405e+01
4.865052310146546688e+01
4.872888614111291616e+01
4.880737540275333686e+01
4.888599108969665963e+01
4.896473340558046772e+01
4.904360255437023142e+01
4.912259874036000440e+01
4.920172216817288557e+01
4.928097304276155199e+01
4.936035156940889834e+01
4.943985795372831404e+01
4.951949240166452881e+01
4.959925511949391819e+01
4.967914631382512880e+01
4.975916619159958998e+01
4.983931496009204665e+01
4.991959282691120592e+01
